Entry	EC number
A0A0B7P3V8	2.7.7.49; 2.7.7.7; 3.1.26.4; 3.4.23.-
D6VTK4	
O13297	3.6.1.74
O13329	
O13516	
O13527	2.7.7.49; 2.7.7.7; 3.1.26.4
O13535	2.7.7.49; 2.7.7.7; 3.1.26.4; 3.4.23.-
O13547	
O13563	
O14467	
O60200	
O74700	
O94742	
P00044	
P00045	
P00127	
P00128	
P00163	7.1.1.8
P00175	1.1.2.3
P00330	1.1.1.1
P00331	1.1.1.1
P00358	1.2.1.12
P00359	1.2.1.12
P00360	1.2.1.12
P00401	7.1.1.9
P00410	7.1.1.9
P00420	7.1.1.9
P00424	
P00431	1.11.1.5
P00445	1.15.1.1
P00546	2.7.11.22
P00549	2.7.1.40
P00560	2.7.2.3
P00572	2.7.4.9
P00635	3.1.3.2
P00724	3.2.1.26
P00729	3.4.16.5
P00812	3.5.3.1
P00815	1.1.1.23; 3.5.4.19; 3.6.1.31
P00817	3.6.1.1
P00830	7.1.2.2
P00854	
P00890	2.3.3.1
P00924	4.2.1.11
P00925	4.2.1.11
P00927	4.3.1.19
P00937	4.1.1.48; 4.1.3.27
P00942	5.3.1.1
P00950	5.4.2.11
P00958	6.1.1.10
P01094	
P01119	3.6.5.2
P01120	3.6.5.2
P01123	
P02293	
P02294	
P02309	
P02400	
P02406	
P02557	
P02829	
P02992	
P02994	
P03069	
P03870	
P03871	
P03873	
P03877	3.1.-.-
P03878	3.1.-.-
P03879	3.1.-.-
P03962	4.1.1.23
P03965	6.3.5.5
P04037	
P04039	
P04050	2.7.7.6
P04051	2.7.7.6
P04147	
P04385	2.7.1.6
P04386	
P04387	
P04397	5.1.3.2; 5.1.3.3
P04456	
P04710	
P04786	5.6.2.1
P04802	6.1.1.12
P04806	2.7.1.1
P04807	2.7.1.1
P04817	
P04819	6.5.1.1
P04821	
P04840	
P04911	
P04912	
P05030	7.1.2.1
P05066	4.1.99.3
P05150	2.1.3.3
P05317	
P05318	
P05319	
P05373	4.2.1.24
P05374	2.1.1.17
P05375	2.1.1.17; 2.1.1.71
P05453	3.6.5.-
P05626	
P05737	
P05739	
P05740	
P05744	
P05745	
P05748	
P05750	
P05755	
P05756	
P05759	
P05986	2.7.11.11
P06100	
P06101	
P06102	
P06103	
P06104	2.3.2.23
P06105	
P06106	2.5.1.47; 2.5.1.49
P06115	1.11.1.6
P06168	1.1.1.86
P06169	4.1.1.-; 4.1.1.43; 4.1.1.72; 4.1.1.74
P06197	2.7.8.11
P06208	2.3.3.13
P06242	2.7.11.23
P06243	2.7.11.1
P06244	2.7.11.11
P06245	2.7.11.11
P06367	
P06634	3.6.4.13
P06700	2.3.1.286
P06701	
P06704	
P06738	2.4.1.1
P06774	
P06777	
P06778	
P06779	
P06780	3.6.5.2
P06781	3.6.5.2
P06782	2.7.11.1
P06784	2.7.12.2
P06785	2.1.1.45
P06786	5.6.2.2
P06787	
P06838	
P06839	3.6.4.12
P06843	
P06844	
P07143	7.1.1.8
P07149	1.3.1.9; 2.3.1.38; 2.3.1.39; 2.3.1.86; 3.1.2.14; 4.2.1.59
P07170	2.7.4.3
P07213	
P07244	6.3.3.1; 6.3.4.13
P07245	1.5.1.5; 3.5.4.9; 6.3.4.3
P07246	1.1.1.1
P07248	
P07249	
P07250	2.7.1.127; 2.7.1.151
P07251	
P07255	
P07256	
P07257	
P07259	2.1.3.2; 6.3.5.5
P07260	
P07261	
P07263	6.1.1.21
P07264	4.2.1.33
P07267	3.4.23.25
P07269	
P07270	
P07271	3.6.4.12
P07273	
P07274	
P07276	3.1.-.-
P07277	2.7.1.36
P07278	
P07280	
P07281	
P07283	5.4.2.8
P07286	2.7.8.15
P07342	2.2.1.6
P07347	2.3.1.255
P07560	
P07702	1.2.1.31; 1.2.1.95
P07703	
P07834	
P07866	
P07884	2.5.1.75
P07991	2.6.1.13
P08004	2.4.1.16
P08018	2.7.12.2
P08067	7.1.1.8
P08153	
P08417	4.2.1.2
P08425	6.1.1.20
P08432	4.1.1.17
P08458	2.7.11.1
P08466	3.1.30.-
P08518	2.7.7.6
P08524	2.5.1.1; 2.5.1.10
P08525	
P08536	2.7.7.4
P08539	
P08566	1.1.1.25; 2.5.1.19; 2.7.1.71; 4.2.1.10; 4.2.3.4
P08638	
P08640	
P08678	4.6.1.1
P08679	2.3.3.16
P08964	
P09032	
P09064	
P09119	
P09201	3.1.3.11
P09232	3.4.21.48
P09440	1.5.1.5; 3.5.4.9; 6.3.4.3
P09547	
P09620	3.4.16.6
P09624	1.8.1.4
P09733	3.6.5.-
P09734	3.6.5.-
P09798	
P09880	6.5.1.3
P09938	1.17.4.1
P09950	2.3.1.37
P09959	
P0C0T4	
P0C0V8	
P0C0W9	
P0C0X0	
P0C2I2	2.7.7.49; 2.7.7.7; 3.1.26.4; 3.4.23.-
P0C2I3	2.7.7.49; 2.7.7.7; 3.1.26.4; 3.4.23.-
P0C2I5	2.7.7.49; 2.7.7.7; 3.1.26.4; 3.4.23.-
P0C2I6	2.7.7.49; 2.7.7.7; 3.1.26.4; 3.4.23.-
P0C2I7	2.7.7.49; 2.7.7.7; 3.1.26.4; 3.4.23.-
P0C2I9	2.7.7.49; 2.7.7.7; 3.1.26.4; 3.4.23.-
P0C2J0	2.7.7.49; 2.7.7.7; 3.1.26.4; 3.4.23.-
P0C2J1	2.7.7.49; 2.7.7.7; 3.1.26.4; 3.4.23.-
P0C2J3	2.7.7.49; 2.7.7.7; 3.1.26.4; 3.4.23.-
P0C2J5	2.7.7.49; 2.7.7.7; 3.1.26.4; 3.4.23.-
P0C2J7	2.7.7.49; 2.7.7.7; 3.1.26.4; 3.4.23.-
P0C5R9	
P0CD91	
P0CE41	
P0CG63	
P0CH08	
P0CH09	
P0CS90	3.6.4.10
P0CT04	
P0CX27	
P0CX28	
P0CX29	
P0CX30	
P0CX31	
P0CX32	
P0CX35	
P0CX36	
P0CX37	
P0CX38	
P0CX39	
P0CX40	
P0CX41	
P0CX42	
P0CX43	
P0CX44	
P0CX45	
P0CX46	
P0CX47	
P0CX48	
P0CX49	
P0CX50	
P0CX51	
P0CX53	
P0CX54	
P0CX55	
P0CX56	
P0CX63	2.7.7.49; 2.7.7.7; 3.1.26.4; 3.4.23.-
P0CX64	2.7.7.49; 2.7.7.7; 3.1.26.4; 3.4.23.-
P0CX77	3.5.1.1
P0CX78	3.5.1.1
P0CX79	3.5.1.1
P0CX80	
P0CX81	
P0CX82	
P0CX83	
P0CX84	
P0CX85	
P0CY06	
P0CY08	
P0CZ17	3.5.1.1
P10080	
P10081	3.6.4.13
P10127	1.1.1.1
P10174	
P10363	2.7.7.-
P10507	3.4.24.64
P10591	
P10592	
P10614	1.14.14.154
P10622	
P10659	2.5.1.6
P10664	
P10823	
P10862	2.3.2.27
P10863	
P10870	
P10961	
P10962	
P10964	2.7.7.6
P11075	
P11076	3.6.5.2
P11154	6.4.1.1
P11325	6.1.1.4
P11353	1.3.3.3
P11412	1.1.1.49
P11433	
P11484	3.6.4.10
P11491	3.1.3.1; 3.1.3.54; 3.1.7.6
P11632	
P11633	
P11655	
P11709	
P11710	
P11745	
P11746	
P11747	
P11792	2.7.11.1
P11914	
P11938	
P11972	
P11978	
P11986	5.5.1.4
P12383	
P12385	
P12611	
P12630	3.4.23.35
P12683	1.1.1.34
P12684	1.1.1.34
P12688	2.7.11.1
P12689	2.7.7.-
P12695	2.3.1.12
P12709	5.3.1.9
P12753	3.6.-.-
P12754	
P12866	7.4.2.7
P12868	2.3.2.27
P12904	
P12945	
P12954	5.6.2.4
P12962	
P13099	5.6.2.1
P13134	3.4.21.61
P13185	2.7.11.1
P13186	2.7.11.1
P13259	2.7.7.15
P13365	
P13382	2.7.7.7
P13393	
P13433	2.7.7.6
P13517	
P13574	
P13586	7.2.2.10
P13587	7.2.2.3
P13663	1.2.1.11
P13712	
P13856	3.6.5.2
P14020	2.4.1.83
P14064	
P14065	1.1.1.156
P14120	
P14126	
P14164	
P14180	2.4.1.16
P14242	
P14284	2.7.7.7
P14291	
P14306	
P14540	4.1.2.13
P14680	2.7.12.1
P14681	2.7.11.24
P14682	2.3.2.23
P14693	
P14724	
P14736	
P14737	
P14741	
P14742	2.6.1.16
P14743	2.3.1.97
P14747	3.1.3.16
P14772	
P14832	5.2.1.8
P14904	3.4.11.22
P14906	
P14907	
P14908	2.1.1.-
P14922	
P15019	2.2.1.2
P15108	
P15180	6.1.1.6
P15202	1.11.1.6
P15274	3.5.4.6
P15303	
P15315	
P15367	3.4.21.89
P15424	3.6.4.13
P15436	2.7.7.7; 3.1.11.-
P15442	2.7.11.1
P15454	2.7.4.8
P15496	5.3.3.2
P15565	2.1.1.216
P15624	6.1.1.20
P15625	6.1.1.20
P15646	2.1.1.-
P15700	2.7.4.14
P15703	3.2.1.58
P15705	
P15731	2.3.2.23
P15732	2.3.2.23
P15790	2.7.11.1
P15801	2.7.7.7
P15807	1.3.1.76; 4.99.1.4
P15873	
P15891	
P15938	3.6.4.13
P15992	
P16140	
P16370	
P16387	1.2.4.1
P16451	
P16467	4.1.1.-; 4.1.1.43; 4.1.1.72; 4.1.1.74
P16474	3.6.4.10
P16521	3.6.4.-
P16522	
P16550	2.7.7.5; 2.7.7.53
P16603	1.6.2.4
P16622	4.98.1.1
P16649	
P16658	4.6.1.16
P16661	2.4.1.142
P16664	
P16861	2.7.1.11
P16862	2.7.1.11
P16892	2.7.11.24
P17064	
P17065	
P17076	
P17106	
P17119	
P17157	2.7.11.22
P17214	
P17255	3.1.-.-; 7.1.2.2
P17442	
P17505	1.1.1.37
P17555	
P17629	
P17649	2.6.1.19
P17695	1.11.1.9; 2.5.1.18
P17709	2.7.1.2
P17883	
P17890	
P17891	
P17898	2.7.8.2
P17967	5.3.4.1
P18238	
P18239	
P18409	
P18410	
P18412	
P18480	
P18494	
P18562	2.4.2.9
P18759	
P18851	
P18852	
P18888	
P18898	2.5.1.59
P18899	
P18961	2.7.11.1
P19073	3.6.5.2
P19097	1.1.1.100; 2.3.1.41; 2.3.1.86
P19145	
P19146	
P19211	
P19262	2.3.1.61
P19263	
P19358	2.5.1.6
P19414	4.2.1.3
P19454	2.7.11.1
P19524	
P19541	
P19657	7.1.2.1
P19658	
P19659	
P19807	
P19812	2.3.2.27
P19880	
P19882	
P19955	
P20050	
P20052	
P20081	5.2.1.8
P20095	3.6.4.13
P20107	
P20133	2.5.1.60
P20424	3.6.5.-
P20433	
P20434	
P20435	
P20436	
P20437	
P20438	
P20447	3.6.4.13
P20448	3.6.4.13
P20449	3.6.4.13
P20457	
P20459	
P20485	2.7.1.32
P20486	
P20604	3.1.3.16
P20606	3.6.5.-
P20676	
P20795	
P20840	
P20967	1.2.4.2
P21147	1.14.19.1
P21182	4.1.1.50
P21190	
P21192	
P21242	
P21243	
P21268	
P21269	2.7.7.72
P21306	
P21372	3.6.4.13
P21373	2.7.1.23
P21374	
P21375	1.3.1.6
P21524	1.17.4.1
P21538	
P21560	
P21576	
P21651	
P21672	1.17.4.1
P21691	
P21734	2.3.2.23
P21801	1.3.5.1
P21825	
P21826	2.3.3.9
P21827	
P21951	2.7.7.7; 3.1.11.-
P21954	1.1.1.42
P21957	
P21965	2.7.12.1
P22007	2.5.1.58
P22082	3.6.4.-
P22108	2.7.7.5; 2.7.7.53
P22133	1.1.1.37
P22134	3.2.2.21
P22137	
P22138	2.7.7.6
P22139	
P22140	2.7.8.1; 2.7.8.2
P22141	
P22146	2.4.1.-
P22147	3.1.13.-
P22149	
P22203	
P22204	2.7.11.1
P22211	2.7.11.1
P22213	
P22214	
P22216	2.7.12.1
P22217	
P22219	2.7.11.1
P22224	
P22276	2.7.7.6
P22289	
P22336	
P22515	6.2.1.45
P22516	3.6.4.12
P22517	2.7.11.17
P22543	2.7.1.137
P22579	
P22696	5.2.1.8
P22768	6.3.4.5
P22803	
P22804	
P22855	3.2.1.24
P22936	3.1.21.-
P22943	
P23179	5.6.2.2
P23201	
P23202	1.11.1.9; 1.8.4.-
P23254	2.2.1.1
P23255	
P23287	3.1.3.16
P23291	2.7.11.1
P23292	2.7.11.1
P23293	2.7.11.22; 2.7.11.23
P23301	
P23337	2.4.1.11
P23394	3.6.4.13
P23503	
P23542	2.6.1.1
P23561	2.7.11.25
P23585	
P23594	3.1.3.16
P23595	3.1.3.16
P23615	
P23638	
P23639	
P23642	
P23643	
P23644	
P23724	
P23776	3.2.1.58
P23900	
P23968	
P24004	3.6.4.-
P24276	
P24279	3.6.4.12
P24280	
P24309	3.1.4.-
P24384	3.6.4.13
P24482	
P24583	2.7.11.13
P24783	3.6.4.13
P24784	3.6.4.13
P24813	
P24814	
P24867	
P24868	
P24869	
P24870	
P25042	
P25043	3.4.25.1
P25044	3.1.3.48
P25045	2.3.1.50
P25046	
P25087	2.1.1.41
P25293	
P25294	
P25296	
P25297	
P25298	
P25299	
P25300	
P25301	
P25302	
P25303	
P25333	2.7.11.1
P25336	
P25340	1.3.1.71
P25341	2.7.11.1
P25342	
P25343	
P25344	
P25346	
P25353	3.1.4.1; 3.6.1.9
P25357	
P25358	2.3.1.199
P25359	
P25364	
P25368	
P25369	
P25373	1.11.1.9; 2.5.1.18
P25374	2.8.1.7
P25375	3.4.24.37
P25376	
P25377	1.1.1.2
P25378	
P25382	
P25384	2.7.7.49; 2.7.7.7; 3.1.26.4; 3.4.23.-
P25385	
P25386	
P25389	2.7.11.1
P25441	
P25443	
P25451	
P25453	
P25454	
P25491	
P25502	
P25515	
P25554	
P25555	
P25567	
P25573	
P25574	
P25576	2.7.7.1
P25580	
P25582	2.1.1.167
P25586	
P25588	
P25591	
P25604	
P25605	
P25613	
P25615	2.7.7.7
P25618	
P25623	
P25627	2.1.1.309
P25635	
P25637	
P25641	3.1.1.3
P25644	
P25646	3.1.3.16; 3.1.3.43
P25648	
P25651	
P25653	
P25655	
P25656	
P25693	
P25694	3.6.4.6
P25719	5.2.1.8
P25808	3.6.4.13
P25846	
P25847	
P26188	2.1.1.63
P26263	4.1.1.-; 4.1.1.43; 4.1.1.72; 4.1.1.74
P26309	
P26321	
P26364	2.7.4.10
P26370	
P26448	
P26449	
P26570	3.1.3.16
P26754	
P26755	
P26783	
P26784	
P26785	
P26786	
P26793	3.1.-.-
P27351	
P27466	2.7.11.17
P27472	2.4.1.11
P27476	
P27514	
P27515	2.7.1.48
P27614	3.4.17.4
P27616	6.3.2.6
P27636	2.7.11.1
P27637	
P27654	3.1.1.-
P27680	2.1.1.114; 2.1.1.64
P27692	
P27697	2.7.-.-
P27705	
P27796	2.3.1.16
P27801	
P27809	2.4.1.-
P27810	2.4.1.-
P27825	
P27882	1.8.3.2
P27895	
P27999	
P28000	
P28004	
P28005	3.1.26.5
P28007	
P28240	4.1.3.1; 4.1.3.30
P28241	1.1.1.41
P28263	2.3.2.23
P28272	1.3.98.1
P28274	6.3.4.2
P28319	
P28320	
P28321	3.1.1.23
P28495	
P28496	2.3.1.297
P28519	
P28627	3.4.21.-
P28707	
P28708	2.7.11.1
P28737	7.4.2.-
P28742	
P28743	
P28791	
P28795	
P28817	3.1.2.4
P28834	1.1.1.41
P29029	3.2.1.14
P29055	
P29056	
P29295	2.7.11.1
P29311	
P29340	2.3.2.23
P29366	
P29453	
P29461	3.1.3.48
P29465	2.4.1.16
P29468	2.7.7.19
P29469	3.6.4.12
P29496	3.6.4.12
P29509	1.8.1.9
P29539	
P29547	
P29703	2.5.1.58; 2.5.1.59
P29704	2.5.1.21
P29952	5.3.1.8
P30283	
P30605	
P30619	
P30620	3.1.-.-
P30624	6.2.1.3
P30656	3.4.25.1
P30657	
P30665	3.6.4.12
P30771	3.6.4.12; 3.6.4.13
P30775	
P30822	
P30902	
P30952	2.3.3.9
P31109	
P31111	
P31115	5.4.99.45
P31116	1.1.1.3
P31244	3.6.4.-
P31373	4.4.1.1
P31374	2.7.11.1
P31376	
P31377	
P31378	3.2.2.-; 4.2.99.18
P31380	3.6.4.12
P31382	2.4.1.109
P31383	
P31384	3.1.13.4
P31385	
P31412	
P31539	
P31688	3.1.3.12
P31755	2.4.1.232
P32074	
P32178	5.4.99.5
P32179	3.1.3.7
P32259	
P32266	
P32288	6.3.1.2
P32316	3.1.2.1
P32318	2.4.2.60
P32319	
P32323	
P32324	3.6.5.-
P32325	
P32327	6.4.1.1
P32328	2.7.11.1
P32329	3.4.23.41
P32332	
P32333	3.6.4.-
P32334	
P32335	
P32336	
P32337	
P32338	
P32340	1.6.5.9
P32342	
P32345	3.1.3.16
P32347	4.1.1.37
P32349	
P32350	2.7.12.1
P32353	1.14.19.20
P32354	
P32356	3.2.1.28
P32357	
P32361	2.7.11.1; 3.1.26.-
P32363	2.4.1.198
P32364	
P32366	
P32367	
P32368	3.1.3.64
P32377	4.1.1.33
P32378	2.5.1.39
P32379	
P32380	
P32381	
P32383	3.1.4.11
P32386	
P32389	
P32419	1.1.1.37
P32432	
P32447	
P32454	3.4.11.-
P32457	
P32458	
P32461	
P32462	1.3.1.70
P32465	
P32466	
P32467	
P32468	
P32471	
P32472	5.2.1.8
P32473	1.2.4.1
P32474	5.3.4.1
P32476	1.14.14.17
P32478	
P32479	
P32480	
P32481	3.6.5.3
P32485	2.7.11.24
P32486	
P32490	2.7.12.2
P32491	2.7.12.2
P32492	
P32494	
P32495	
P32497	
P32499	
P32500	
P32501	
P32502	
P32504	
P32505	
P32521	
P32523	2.3.2.27
P32526	
P32527	
P32528	3.5.1.54; 6.3.4.6
P32529	
P32558	
P32561	3.5.1.98
P32562	2.7.11.21
P32563	
P32565	
P32566	
P32567	3.1.3.4
P32569	
P32570	
P32571	3.4.19.12
P32573	1.3.1.124
P32578	
P32579	2.7.7.87
P32580	3.6.4.13
P32581	2.7.11.1
P32582	4.2.1.22
P32584	2.1.1.100
P32585	
P32588	
P32589	
P32591	
P32597	3.6.4.12
P32598	3.1.3.16
P32599	
P32600	2.7.1.67; 2.7.11.1
P32602	
P32603	3.2.1.58
P32604	3.1.3.46
P32605	
P32607	
P32609	
P32610	
P32614	1.3.1.6
P32621	3.6.1.42
P32622	2.7.1.86
P32623	3.2.-.-
P32626	3.1.3.77
P32628	
P32629	
P32639	3.6.4.13
P32641	
P32642	
P32643	2.1.1.145
P32644	3.6.4.13
P32657	3.6.4.-
P32660	7.6.2.1
P32768	
P32769	3.6.5.-
P32771	1.1.1.-; 1.1.1.1; 1.1.1.284
P32773	
P32774	
P32776	
P32783	2.1.1.56
P32784	2.3.1.15; 2.3.1.42
P32789	2.7.11.1
P32790	
P32791	1.16.1.9
P32793	
P32794	3.6.4.10
P32795	3.4.24.-
P32796	2.3.1.7
P32797	
P32798	
P32799	
P32800	2.3.2.36
P32801	2.7.11.1
P32802	
P32803	
P32807	3.6.4.12
P32828	2.3.2.27
P32829	
P32830	
P32832	
P32833	
P32835	
P32838	3.1.3.16
P32839	
P32842	
P32844	
P32849	3.6.4.-
P32854	
P32855	
P32860	
P32861	2.7.7.9
P32862	
P32863	3.6.4.12
P32864	
P32867	
P32873	
P32874	6.3.4.14; 6.4.1.2
P32891	1.1.2.4
P32892	3.6.4.13
P32893	
P32895	2.7.6.1
P32897	
P32898	3.4.24.-
P32899	
P32900	
P32901	
P32905	
P32906	3.2.1.113
P32908	
P32910	
P32911	
P32912	
P32913	
P32914	
P32915	
P32916	
P32917	
P32939	
P32943	
P32944	2.7.11.1
P33201	
P33202	2.3.2.-; 2.3.2.26
P33203	
P33296	2.3.2.23
P33297	
P33298	
P33299	
P33300	2.4.1.370
P33301	
P33302	
P33307	
P33308	
P33309	
P33310	
P33313	
P33314	
P33317	3.6.1.23
P33322	5.4.99.-
P33327	1.4.1.2
P33328	
P33332	
P33333	2.3.1.23; 2.3.1.51; 2.3.1.n7
P33334	
P33338	
P33339	
P33399	
P33400	
P33401	5.4.2.2
P33413	
P33416	
P33418	
P33419	
P33420	
P33421	
P33441	
P33442	
P33734	3.5.1.2; 4.3.2.10
P33748	
P33751	2.5.1.129
P33753	2.1.1.35
P33754	
P33755	
P33760	3.6.4.-
P33767	
P33775	2.4.1.109
P33891	
P33892	
P33895	
P34077	
P34078	
P34087	
P34110	
P34111	
P34160	
P34161	
P34162	
P34163	3.1.1.13
P34164	
P34167	
P34216	
P34217	
P34218	2.3.1.48
P34219	
P34221	3.1.3.16
P34223	
P34225	
P34226	
P34227	1.11.1.25; 1.11.1.27
P34230	
P34233	
P34241	
P34244	2.7.11.1
P34247	
P34252	
P34730	
P34756	2.7.1.150
P34758	
P34760	1.11.1.24
P34761	
P34909	2.3.2.27
P35056	
P35169	2.7.11.1
P35177	
P35179	
P35180	
P35181	
P35182	3.1.3.16
P35187	3.6.4.12
P35189	
P35191	
P35192	
P35193	
P35194	
P35196	2.5.1.87
P35197	
P35200	
P35201	
P35203	
P35206	
P35207	3.6.4.13
P35208	
P35688	
P35691	
P35718	
P35728	
P35729	
P35732	
P35734	
P35817	
P35843	
P35844	
P35845	
P35997	
P35999	3.4.24.59
P36000	
P36003	2.7.11.1
P36005	2.7.11.1
P36006	
P36007	4.3.1.16
P36009	3.6.4.13
P36010	2.7.4.6
P36012	
P36013	1.1.1.38
P36014	1.11.1.24; 1.11.1.9
P36015	2.3.1.-
P36016	3.6.1.-
P36017	
P36018	
P36022	
P36024	
P36027	
P36033	1.16.1.9
P36035	
P36037	
P36041	
P36046	
P36047	
P36048	
P36049	
P36051	2.-.-.-
P36057	
P36060	1.6.2.2
P36068	
P36075	
P36076	
P36077	1.8.98.2
P36081	
P36084	
P36088	1.8.4.14
P36094	
P36095	
P36096	2.3.2.27
P36100	
P36102	
P36104	
P36105	
P36107	2.7.1.227
P36108	
P36112	
P36113	2.3.2.31
P36115	
P36116	
P36117	
P36119	
P36122	
P36123	
P36124	
P36126	3.1.4.4
P36130	
P36131	
P36132	2.3.1.234
P36135	3.2.1.-
P36136	3.1.3.37
P36143	2.4.1.186
P36146	
P36148	2.3.1.15; 2.3.1.42
P36149	
P36152	
P36156	1.8.5.1; 2.5.1.18
P36159	3.1.26.11
P36160	
P36161	
P36162	
P36163	3.4.24.-
P36165	3.1.1.3
P36170	
P36421	6.1.1.1
P36531	
P36775	3.4.21.53
P37012	5.4.2.2
P37020	
P37254	2.6.1.85
P37291	2.1.2.1
P37292	2.1.2.1
P37296	
P37297	2.7.1.67
P37298	
P37299	
P37303	4.1.2.48
P37366	
P37370	
P37838	
P38009	2.1.2.3; 3.5.4.10
P38011	
P38013	1.11.1.24
P38041	
P38042	
P38063	2.7.6.1
P38069	2.4.1.-
P38070	2.7.11.1
P38071	1.3.1.104
P38074	2.1.1.-
P38075	1.4.3.5
P38077	
P38080	2.7.11.1
P38084	
P38085	
P38086	3.6.4.12; 5.99.1.-
P38088	2.7.7.-; 6.1.1.14
P38109	3.4.16.5
P38110	2.7.11.1
P38111	2.7.11.1
P38112	3.6.4.13
P38115	1.1.1.117
P38116	
P38121	
P38128	
P38129	
P38130	2.4.1.-
P38132	3.6.4.12
P38137	6.2.1.8
P38138	3.2.1.207
P38139	3.1.1.3
P38140	
P38143	1.11.1.24
P38144	3.6.4.-
P38146	
P38149	3.4.-.-
P38153	
P38165	
P38169	1.14.13.9
P38170	
P38174	3.4.11.18
P38181	
P38182	
P38198	
P38199	
P38203	
P38205	2.1.1.202
P38207	3.1.11.2
P38208	3.1.26.5
P38211	2.4.1.-
P38212	
P38217	
P38221	2.7.7.41
P38225	6.2.1.-
P38228	
P38236	
P38237	3.4.19.12
P38238	2.1.1.205
P38242	
P38244	3.4.-.-
P38247	
P38248	
P38249	
P38250	
P38251	
P38255	
P38257	3.1.22.-
P38261	
P38262	
P38263	
P38264	
P38265	
P38270	
P38272	
P38273	
P38274	2.1.1.320
P38283	
P38285	
P38286	1.1.1.330
P38287	2.4.1.370
P38289	3.1.-.-
P38291	3.1.26.5
P38295	2.3.1.84; 3.1.1.-
P38297	3.6.5.-
P38298	3.5.1.-
P38301	
P38304	
P38307	
P38310	
P38313	
P38316	
P38319	3.1.4.-
P38323	
P38328	
P38329	
P38332	3.1.1.97
P38333	
P38334	
P38336	
P38339	
P38340	2.1.1.244
P38341	
P38342	1.1.1.102
P38344	
P38345	
P38348	
P38351	
P38352	
P38353	
P38356	
P38360	7.2.2.21
P38361	
P38426	
P38427	
P38428	
P38429	
P38431	
P38439	
P38523	
P38555	
P38590	3.1.3.48
P38604	5.4.99.7
P38615	2.7.11.1
P38620	2.7.6.1
P38623	2.7.11.1
P38624	3.4.25.1
P38626	1.6.2.2
P38627	6.3.4.2
P38628	5.4.2.3
P38629	
P38630	
P38631	2.4.1.34
P38632	2.3.2.-
P38633	
P38634	
P38637	
P38689	2.7.6.1
P38691	2.7.11.1
P38692	2.7.11.1
P38695	
P38696	
P38697	1.1.1.205
P38700	
P38701	
P38703	2.3.1.297
P38704	
P38710	3.1.3.25
P38711	
P38712	3.6.4.13
P38713	
P38715	1.1.1.-; 1.1.1.21
P38717	
P38719	3.6.4.13
P38720	1.1.1.44
P38731	
P38736	
P38741	
P38742	
P38753	
P38755	
P38757	3.1.3.16
P38758	1.-.-.-
P38764	
P38766	3.6.4.12
P38768	
P38770	
P38778	
P38779	
P38781	
P38782	
P38785	
P38786	3.1.26.5
P38788	
P38792	
P38793	2.1.1.228
P38794	
P38797	3.1.3.16
P38801	
P38803	
P38805	
P38806	
P38810	
P38811	
P38815	
P38817	
P38820	2.7.7.-; 2.8.1.-
P38821	3.4.11.21
P38822	
P38823	2.3.2.27
P38825	
P38826	
P38827	2.1.1.354
P38830	
P38838	3.4.24.-
P38840	2.6.1.57; 2.6.1.7
P38843	
P38850	
P38851	
P38853	
P38855	
P38856	
P38857	
P38859	3.1.-.-; 3.6.4.12
P38862	
P38863	
P38869	
P38873	
P38874	
P38875	
P38878	
P38879	
P38881	
P38882	
P38883	
P38886	
P38888	3.2.1.24
P38889	
P38891	2.6.1.42
P38894	
P38902	
P38903	
P38907	
P38910	
P38911	5.2.1.8
P38912	
P38915	
P38920	
P38922	
P38925	
P38928	
P38929	7.2.2.10
P38930	
P38931	
P38932	
P38934	
P38953	
P38954	2.7.1.228
P38956	
P38959	
P38960	
P38961	2.1.1.287
P38967	
P38968	
P38970	2.7.11.1
P38987	
P38989	
P38990	2.7.11.1
P38991	2.7.11.1
P38992	1.-.-.-
P38993	1.16.3.1
P38994	2.7.1.68
P38995	7.2.2.8
P38996	
P38998	1.5.1.7
P39001	
P39002	6.2.1.3
P39003	
P39004	
P39006	4.1.1.65
P39007	2.4.99.18
P39008	3.1.13.4
P39009	2.7.11.1
P39010	2.3.1.225
P39011	
P39013	
P39014	
P39015	
P39016	
P39073	2.7.11.22; 2.7.11.23
P39081	
P39083	
P39104	2.7.1.67
P39105	3.1.1.5
P39107	
P39108	
P39109	7.2.2.2; 7.6.2.3
P39111	
P39112	3.1.13.1
P39515	
P39516	
P39517	3.6.4.13
P39518	6.2.1.3
P39520	
P39521	
P39522	4.2.1.9
P39524	7.6.2.1
P39531	
P39533	4.2.1.-
P39538	3.4.19.12
P39540	2.3.1.199
P39552	
P39676	1.14.12.17
P39678	
P39683	6.3.4.21
P39685	
P39702	
P39704	
P39705	
P39706	
P39707	4.6.1.16
P39714	1.1.1.4
P39717	
P39719	
P39720	
P39722	3.6.5.-
P39723	
P39726	
P39727	
P39729	
P39730	3.6.5.3
P39731	
P39742	
P39743	
P39744	
P39875	3.1.-.-
P39904	
P39923	
P39925	3.4.24.-
P39926	
P39928	2.7.13.3
P39929	
P39935	
P39936	
P39940	2.3.2.26
P39943	
P39946	
P39952	
P39956	
P39958	
P39960	
P39962	2.7.11.1
P39966	3.1.3.16
P39968	
P39969	
P39976	1.1.2.4; 1.1.99.40
P39979	2.3.1.36; 2.3.1.48
P39984	
P39985	2.7.7.7
P39986	7.4.2.-
P39990	
P39993	
P39995	
P39997	3.1.4.1; 3.6.1.9
P39998	
P40009	3.6.1.5
P40010	
P40011	4.1.1.112; 4.1.3.17
P40013	
P40014	
P40015	3.1.4.-
P40016	
P40018	
P40021	
P40024	3.6.5.-
P40028	3.1.-.-
P40032	1.14.11.-
P40034	1.14.11.27
P40046	
P40047	1.2.1.-; 1.2.1.4
P40048	3.1.3.48
P40054	1.1.1.399; 1.1.1.95
P40055	
P40056	
P40059	
P40061	
P40064	
P40065	
P40066	
P40068	
P40069	
P40070	
P40072	2.3.2.27
P40073	
P40075	
P40078	
P40084	3.1.3.16
P40086	
P40087	3.4.23.-
P40089	
P40090	
P40091	
P40094	
P40096	
P40106	3.1.3.21
P40107	
P40150	3.6.4.10
P40152	3.6.1.10
P40160	2.7.11.1
P40161	
P40164	
P40167	
P40186	
P40202	
P40204	
P40208	
P40215	1.6.5.9
P40217	
P40302	
P40303	
P40308	3.1.1.3
P40316	
P40318	2.3.2.27
P40319	2.3.1.199
P40327	
P40335	
P40339	
P40340	3.6.1.-
P40341	3.4.24.-
P40343	
P40344	
P40345	2.3.1.158
P40347	3.1.3.2; 3.1.3.48
P40348	
P40350	2.4.1.117
P40352	3.6.4.12
P40353	2.3.1.84; 3.1.2.20
P40356	
P40357	
P40358	
P40359	
P40360	2.3.1.1
P40362	
P40367	2.-.-.-
P40368	
P40395	
P40414	
P40416	7.-.-.-
P40422	
P40438	
P40450	
P40453	3.4.19.12
P40454	5.2.1.8
P40457	
P40458	
P40460	
P40462	3.4.11.-
P40465	
P40466	
P40469	
P40471	1.1.1.101; 3.1.1.3
P40472	3.2.1.-
P40477	
P40479	3.1.3.48
P40482	
P40484	
P40485	
P40487	2.5.1.108
P40492	2.3.2.27
P40494	2.7.11.1
P40495	1.1.1.87
P40498	
P40501	
P40505	
P40506	6.3.2.5
P40507	
P40509	
P40510	1.1.1.399; 1.1.1.95
P40515	
P40517	
P40526	1.3.1.94
P40527	7.6.2.1
P40530	2.7.11.2
P40535	
P40540	
P40541	
P40548	
P40553	1.11.1.24
P40554	
P40556	
P40557	5.3.4.1
P40558	
P40559	3.1.3.36
P40562	3.6.4.12
P40563	
P40564	
P40565	
P40568	
P40571	3.1.26.5
P40573	
P40577	
P40581	1.11.1.24
P40693	
P40825	6.1.1.7
P40850	
P40851	3.4.24.-
P40857	4.2.1.134
P40917	
P40955	
P40956	
P40957	
P40958	
P40959	
P40961	
P40963	2.3.1.48
P40968	
P40969	
P40970	2.3.1.50
P40988	
P40989	2.4.1.34
P40991	2.1.1.310
P40992	
P40993	
P40994	
P41056	
P41277	3.1.3.21
P41318	
P41338	2.3.1.9
P41543	
P41546	
P41695	2.7.11.1
P41697	
P41735	1.14.99.60
P41800	
P41805	
P41807	
P41808	2.7.11.24
P41809	
P41810	
P41811	
P41812	3.1.26.5
P41813	
P41816	1.6.99.1
P41821	
P41832	
P41833	2.1.1.348
P41834	
P41835	2.5.1.3; 2.7.1.50
P41895	
P41896	
P41901	
P41903	3.1.2.2
P41909	
P41911	1.1.1.8
P41920	
P41921	1.8.1.7
P41939	1.1.1.42
P41948	
P42073	
P42835	
P42836	2.3.1.225
P42837	3.1.3.-
P42838	
P42839	
P42844	
P42845	
P42935	
P42939	
P42945	
P42949	
P42951	2.7.1.67
P43122	2.3.1.234
P43123	2.7.7.23
P43321	
P43497	
P43534	2.-.-.-
P43535	
P43555	
P43558	3.4.19.12
P43561	1.-.-.-
P43563	
P43564	3.1.1.-
P43565	2.7.11.1
P43567	2.6.1.44
P43571	3.1.-.-
P43572	
P43573	
P43583	
P43585	
P43586	
P43587	
P43588	3.4.19.12
P43593	3.4.19.12
P43594	
P43601	
P43603	
P43605	2.3.1.-
P43609	
P43616	3.4.13.-
P43618	
P43633	2.7.11.1
P43635	2.3.3.1
P43636	2.4.1.132; 2.4.1.257
P43639	
P43682	
P45818	3.6.4.13
P45976	
P45978	
P46367	1.2.1.-; 1.2.1.4
P46654	
P46655	6.1.1.17
P46669	
P46672	
P46673	
P46674	
P46675	
P46676	
P46677	2.3.1.48
P46678	
P46680	
P46681	1.1.2.4; 1.1.99.40
P46682	
P46943	3.6.5.-
P46944	
P46946	3.1.-.-
P46947	
P46948	
P46951	
P46957	2.7.7.7
P46959	2.1.1.220
P46962	
P46963	
P46964	
P46971	2.4.1.109
P46972	3.4.21.-
P46984	
P46985	2.4.1.-
P46989	
P46990	
P46995	2.1.1.359
P47001	
P47002	
P47006	
P47008	
P47011	2.4.1.186
P47013	3.1.3.-
P47016	3.5.1.128
P47017	
P47024	2.7.7.49; 2.7.7.7; 3.1.26.4; 3.4.23.-
P47025	
P47026	2.3.-.-
P47027	
P47029	
P47032	
P47033	
P47035	
P47037	
P47039	2.6.1.7
P47041	
P47043	
P47045	
P47047	3.6.4.13
P47050	
P47054	
P47057	
P47058	3.5.4.33
P47061	
P47068	
P47069	
P47074	
P47075	2.7.4.1
P47076	
P47077	
P47082	
P47083	
P47093	
P47096	1.13.11.6
P47098	2.7.7.49; 2.7.7.7; 3.1.26.4; 3.4.23.-
P47100	2.7.7.49; 2.7.7.7; 3.1.26.4; 3.4.23.-
P47102	
P47103	5.2.1.8
P47104	
P47110	
P47112	
P47113	
P47114	
P47116	2.7.11.1
P47119	3.6.1.9
P47120	1.14.99.29
P47122	3.6.5.-
P47124	2.4.-.-
P47128	
P47134	
P47136	
P47142	
P47143	2.7.1.20
P47154	3.4.24.84
P47156	1.14.11.67
P47158	2.1.-.-
P47160	
P47164	2.5.1.48
P47168	
P47169	1.8.1.2
P47170	
P47171	
P47176	2.6.1.42
P47178	
P47190	2.4.1.109
P47818	
P47821	
P47822	
P47912	6.2.1.3
P47977	
P48016	3.2.1.28
P48164	
P48231	
P48236	2.3.1.-
P48237	
P48240	
P48360	1.18.1.6
P48363	
P48412	
P48415	
P48439	
P48445	6.3.4.-; 6.3.4.10; 6.3.4.11; 6.3.4.15; 6.3.4.9
P48510	
P48524	
P48558	
P48559	
P48561	2.7.7.19
P48562	2.7.11.1
P48563	
P48566	
P48581	
P48582	
P48813	
P48836	
P48837	
P49017	2.1.1.201
P49018	3.-.-.-
P49095	1.4.4.2
P49166	
P49334	
P49435	2.4.2.7
P49573	
P49626	
P49686	
P49687	3.4.21.-
P49704	
P49723	1.17.4.1
P49775	3.6.1.29
P49955	
P49956	
P49957	2.1.1.229
P50076	2.4.1.256
P50079	
P50082	
P50085	
P50087	
P50090	
P50091	
P50094	1.1.1.205
P50095	1.1.1.205
P50101	3.4.19.12
P50102	3.4.19.12
P50105	
P50106	
P50107	4.4.1.5
P50108	2.4.1.-
P50110	
P50111	
P50264	1.5.3.17
P50275	
P50623	2.3.2.-
P50861	2.5.1.78
P50874	
P50875	
P50942	3.1.3.-; 3.1.3.36
P50945	
P50947	
P51402	
P51601	3.5.4.16
P51862	
P51979	3.6.4.12
P51996	
P52286	
P52488	
P52489	2.7.1.40
P52490	2.3.2.23
P52491	2.3.2.34
P52553	
P52593	
P52870	
P52871	
P52891	
P52910	6.2.1.1
P52917	
P52920	
P52960	
P53008	3.2.1.106
P53010	3.1.13.4
P53011	
P53012	3.6.1.-
P53035	
P53037	4.1.1.65
P53038	
P53039	
P53040	
P53043	3.1.3.16
P53044	
P53045	1.14.18.-
P53048	
P53049	7.2.2.2; 7.6.2.3
P53051	3.2.1.10
P53061	
P53063	3.6.1.-
P53064	
P53067	
P53068	
P53076	
P53079	
P53082	
P53083	
P53086	
P53088	2.7.7.-
P53090	2.6.1.39; 2.6.1.57
P53091	3.6.4.12
P53093	
P53095	4.3.1.18
P53096	3.5.1.98
P53101	4.4.1.13
P53104	2.7.11.1
P53109	1.16.1.-
P53112	
P53114	
P53115	3.6.4.-
P53119	2.3.2.26
P53127	2.3.2.27
P53129	
P53131	3.6.4.13
P53135	
P53137	
P53140	
P53141	
P53144	3.1.3.89
P53145	3.6.1.-
P53146	
P53148	
P53152	
P53154	
P53157	
P53159	
P53163	
P53164	3.6.1.-; 3.6.1.22
P53165	
P53166	3.6.4.13
P53168	
P53170	2.7.11.2
P53173	
P53176	
P53178	2.4.1.141
P53184	3.5.1.19
P53191	
P53192	
P53193	
P53195	
P53196	
P53197	
P53199	1.1.1.170
P53201	
P53202	
P53204	2.7.7.1; 2.7.7.18
P53207	
P53208	2.3.1.268; 3.1.1.-; 3.1.2.1
P53218	3.1.26.5
P53223	3.6.1.43
P53224	
P53230	2.7.7.41
P53236	
P53238	
P53250	
P53251	
P53252	
P53254	
P53255	
P53256	
P53259	3.4.21.105
P53261	
P53262	
P53264	3.5.1.-
P53267	
P53271	
P53276	
P53277	
P53281	
P53286	
P53290	
P53294	5.4.99.42
P53296	2.3.1.84
P53297	
P53298	
P53299	
P53301	3.2.-.-
P53303	
P53309	
P53311	
P53314	3.1.4.37
P53317	
P53318	1.14.13.-; 3.5.-.-
P53323	2.7.11.1; 3.6.-.-
P53324	3.1.1.-
P53327	3.6.4.13
P53330	
P53334	3.2.1.-
P53335	
P53378	
P53379	3.4.23.41
P53397	3.2.2.-; 4.2.99.18
P53507	
P53538	3.1.3.16
P53540	
P53541	3.1.1.-
P53549	
P53550	3.6.1.62
P53551	
P53552	
P53598	6.2.1.5
P53599	2.7.11.25
P53604	
P53615	4.2.1.1
P53616	3.2.1.-
P53617	
P53622	
P53632	2.7.7.19
P53633	
P53685	2.3.1.286
P53686	2.3.1.286
P53687	2.3.1.286
P53688	2.3.1.286
P53691	5.2.1.8
P53720	1.3.1.-; 1.3.1.91
P53721	
P53722	3.4.24.-
P53725	
P53731	
P53734	3.6.4.13
P53738	
P53739	2.7.11.1
P53740	
P53741	
P53742	
P53743	
P53746	1.16.1.9
P53753	3.2.1.39
P53759	1.3.1.-; 1.3.1.88
P53769	
P53829	
P53832	
P53833	
P53838	
P53839	1.1.1.26; 1.1.1.79; 1.1.1.81
P53840	
P53844	
P53845	
P53846	
P53847	
P53848	2.5.1.15; 2.7.6.3; 4.1.2.25
P53853	
P53855	
P53858	
P53859	
P53860	
P53865	
P53866	
P53867	3.4.22.-
P53868	2.4.1.259; 2.4.1.261
P53871	
P53872	
P53874	3.4.19.12
P53877	
P53879	
P53886	
P53890	
P53893	3.6.5.-
P53894	2.7.11.1
P53895	
P53896	
P53897	
P53899	
P53901	
P53904	
P53905	
P53909	3.5.4.2
P53911	
P53914	2.3.1.-
P53915	2.7.1.173; 2.7.1.22
P53917	
P53919	
P53920	3.4.21.-
P53923	
P53924	2.3.2.27
P53927	
P53930	
P53933	3.1.3.4
P53939	
P53940	
P53941	
P53942	3.1.26.4
P53950	
P53951	
P53954	2.4.1.131
P53955	
P53959	
P53965	3.6.1.52
P53968	
P53969	
P53972	2.1.1.311
P53973	3.5.1.98
P53974	2.7.11.1
P53978	3.6.4.-
P53981	3.1.3.50
P53983	2.3.2.27
P54000	
P54003	
P54070	2.4.1.-
P54074	2.3.2.27
P54113	2.1.2.3; 3.5.4.10
P54115	1.2.1.-; 1.2.1.4
P54199	2.7.12.2
P54780	
P54781	1.14.19.41
P54783	1.1.3.37
P54784	
P54785	
P54786	
P54787	
P54790	
P54791	
P54837	
P54854	
P54857	3.1.1.3
P54860	2.3.2.27
P54861	3.6.5.5
P54862	
P54867	
P54999	
P57743	
P60010	3.6.4.-
P61829	
P61830	
P62651	
P69771	
P69850	
P69851	
P69852	
P80210	6.3.4.4
P80428	
P80667	
P80967	
P81449	
P81450	
P87108	
P89102	
P89105	
Q00055	1.1.1.8
Q00245	
Q00246	3.6.5.2
Q00362	
Q00381	
Q00402	
Q00416	3.6.4.-
Q00539	
Q00578	3.6.4.12
Q00582	
Q00618	2.5.1.60
Q00684	3.1.3.48
Q00711	1.3.5.1
Q00764	2.4.1.15
Q00772	2.7.11.24
Q00776	
Q00816	
Q00916	
Q00947	
Q00955	6.3.4.14; 6.4.1.2
Q01080	
Q01159	2.7.7.50
Q01217	1.2.1.38; 2.7.2.8
Q01329	
Q01389	2.7.11.1
Q01448	
Q01454	
Q01476	3.4.19.12
Q01477	3.4.19.12
Q01519	
Q01532	3.4.22.40
Q01560	
Q01574	6.2.1.1
Q01589	
Q01590	
Q01649	
Q01662	3.4.11.18
Q01722	
Q01852	
Q01855	
Q01896	7.2.2.3
Q01919	2.7.11.1
Q01926	
Q01939	
Q02046	1.5.1.15
Q02100	
Q02159	2.3.2.23
Q02199	
Q02201	
Q02205	
Q02206	
Q02207	1.1.1.n12; 4.2.1.119
Q02256	3.1.3.48
Q02260	
Q02326	
Q02336	
Q02354	
Q02455	
Q02457	
Q02486	
Q02555	3.1.26.3
Q02574	
Q02629	
Q02630	
Q02642	
Q02647	
Q02685	
Q02724	3.4.22.68
Q02725	
Q02732	
Q02733	
Q02767	
Q02773	3.1.26.5
Q02774	
Q02775	
Q02776	
Q02784	
Q02785	
Q02792	3.1.13.-
Q02793	
Q02794	
Q02795	
Q02804	
Q02805	
Q02821	
Q02884	
Q02887	
Q02888	
Q02890	3.5.1.52
Q02892	
Q02896	3.5.1.-
Q02908	2.3.1.-
Q02931	
Q02933	4.6.1.19
Q02939	
Q02948	
Q02950	
Q03010	
Q03012	
Q03018	3.4.22.49
Q03020	
Q03034	4.1.1.102
Q03048	
Q03063	
Q03067	
Q03071	
Q03081	
Q03096	
Q03103	1.8.4.-
Q03124	
Q03125	
Q03144	3.5.1.2; 4.3.3.6
Q03148	4.3.3.6
Q03162	
Q03178	
Q03180	
Q03195	
Q03213	
Q03262	5.4.2.7
Q03280	2.3.2.26
Q03290	
Q03305	2.1.1.-
Q03308	
Q03322	
Q03323	
Q03330	2.3.1.-; 2.3.1.48
Q03337	
Q03373	
Q03388	
Q03390	
Q03406	
Q03407	2.7.11.1
Q03429	
Q03433	
Q03434	2.7.7.49; 2.7.7.7; 3.1.26.4; 3.4.23.-
Q03435	
Q03455	
Q03465	
Q03466	
Q03494	2.7.7.49; 2.7.7.7; 3.1.26.4; 3.4.23.-
Q03497	2.7.11.1
Q03503	2.3.1.256
Q03529	1.14.18.6; 1.14.18.7
Q03532	3.6.4.13
Q03533	2.7.11.1
Q03554	
Q03557	6.3.5.7
Q03558	1.6.99.1
Q03612	2.7.7.49; 2.7.7.7; 3.1.26.4; 3.4.23.-
Q03619	2.7.7.49; 2.7.7.7; 3.1.26.4; 3.4.23.-
Q03630	
Q03631	
Q03640	
Q03649	3.1.1.23
Q03654	
Q03655	2.4.1.-
Q03656	2.7.11.1
Q03660	
Q03674	3.1.1.5
Q03677	1.13.11.53; 1.13.11.54
Q03687	
Q03690	
Q03691	
Q03702	3.1.21.10
Q03705	
Q03713	
Q03714	
Q03723	
Q03758	
Q03761	
Q03768	
Q03769	
Q03771	
Q03774	
Q03778	2.7.1.26
Q03784	
Q03785	2.7.11.1
Q03790	
Q03818	
Q03833	
Q03834	
Q03835	
Q03855	2.7.7.49; 2.7.7.7; 3.1.26.4; 3.4.23.-
Q03862	3.-.-.-
Q03868	
Q03897	
Q03898	
Q03920	2.1.1.297
Q03921	
Q03940	3.6.4.12
Q03941	2.7.1.24
Q03944	
Q03954	
Q03957	2.7.11.23
Q03973	
Q04002	
Q04003	
Q04013	
Q04048	
Q04049	2.7.7.7
Q04053	
Q04062	
Q04067	
Q04080	
Q04082	2.4.1.198
Q04087	
Q04089	2.1.1.360
Q04110	
Q04119	3.6.1.-; 3.6.1.10; 3.6.1.11
Q04120	1.11.1.24
Q04121	
Q04149	3.1.22.-
Q04175	
Q04177	
Q04178	2.4.2.8
Q04179	3.2.2.3
Q04195	2.3.2.-
Q04214	2.7.7.49; 2.7.7.7; 3.1.26.4; 3.4.23.-
Q04217	3.6.4.13
Q04226	
Q04228	
Q04235	2.5.1.114
Q04264	
Q04272	
Q04305	
Q04307	
Q04311	3.1.-.-
Q04322	
Q04338	
Q04344	3.-.-.-
Q04359	
Q04364	
Q04370	
Q04371	3.1.3.-
Q04373	
Q04377	
Q04396	3.1.3.106; 3.1.3.4; 3.6.1.75
Q04401	
Q04409	2.7.1.2
Q04410	
Q04432	4.2.1.130
Q04433	
Q04437	3.6.4.12
Q04439	
Q04458	1.2.1.3; 1.2.1.64
Q04461	
Q04472	
Q04477	
Q04491	
Q04493	
Q04500	
Q04511	
Q04601	
Q04603	
Q04629	2.3.1.225
Q04636	
Q04638	2.3.2.31
Q04651	
Q04659	
Q04660	
Q04670	2.7.7.49; 2.7.7.7; 3.1.26.4; 3.4.23.-
Q04673	
Q04693	
Q04705	
Q04711	2.7.7.49; 2.7.7.7; 3.1.26.4; 3.4.23.-
Q04728	2.3.1.1; 2.3.1.35
Q04739	
Q04746	
Q04749	
Q04779	
Q04781	2.3.2.27
Q04839	
Q04847	
Q04868	
Q04921	
Q04924	
Q04947	
Q04951	3.2.1.-
Q04958	3.1.1.5
Q04964	
Q05016	1.1.1.-; 1.1.1.381
Q05021	
Q05022	
Q05027	
Q05029	
Q05031	3.2.1.101
Q05080	
Q05123	
Q05164	
Q05166	
Q05359	
Q05471	3.6.4.12
Q05515	
Q05521	3.1.3.106; 3.1.3.4; 3.6.1.75
Q05533	3.1.3.25
Q05549	3.6.4.12
Q05567	4.1.2.-; 4.1.2.27
Q05568	2.3.2.27
Q05580	2.3.2.27
Q05583	
Q05636	
Q05775	
Q05776	
Q05779	
Q05785	
Q05787	
Q05789	
Q05871	5.3.3.8
Q05900	
Q05902	2.3.2.2; 3.4.19.13
Q05919	
Q05930	
Q05931	3.6.4.10
Q05946	
Q05949	
Q05958	
Q05979	3.7.1.3
Q06010	3.4.24.-
Q06032	
Q06053	1.3.1.-; 1.3.1.89
Q06058	
Q06063	1.3.1.-; 1.3.1.90
Q06078	
Q06096	
Q06102	
Q06106	
Q06132	
Q06135	2.4.1.-
Q06142	
Q06143	
Q06144	
Q06147	2.7.1.91
Q06148	
Q06151	3.6.1.59
Q06156	
Q06159	
Q06160	
Q06163	2.7.7.49
Q06164	
Q06168	
Q06178	2.7.7.1; 2.7.7.18
Q06204	2.7.1.59
Q06205	5.2.1.8
Q06211	
Q06213	
Q06217	
Q06218	3.6.4.13
Q06224	3.1.27.-
Q06263	
Q06266	
Q06287	2.1.1.260
Q06321	2.4.1.173
Q06324	
Q06337	
Q06339	
Q06340	
Q06344	
Q06346	
Q06385	
Q06389	
Q06390	
Q06406	
Q06408	4.1.1.-; 4.1.1.43; 4.1.1.72; 4.1.1.74; 4.1.1.80
Q06409	
Q06410	
Q06411	
Q06440	
Q06449	
Q06488	
Q06489	5.3.1.23
Q06493	
Q06504	2.3.1.254
Q06505	
Q06506	
Q06508	2.3.1.51
Q06510	2.3.1.-
Q06512	
Q06522	3.1.1.3
Q06541	
Q06549	3.5.4.5
Q06551	2.3.1.225
Q06554	3.6.1.-
Q06580	
Q06592	2.3.1.48
Q06593	
Q06596	
Q06598	
Q06604	
Q06623	
Q06625	2.4.1.25; 3.2.1.33
Q06628	
Q06629	
Q06630	
Q06631	
Q06632	
Q06639	
Q06648	
Q06651	2.3.2.27
Q06671	
Q06675	
Q06676	3.6.1.-
Q06677	
Q06679	
Q06680	
Q06681	
Q06685	2.7.4.24
Q06696	
Q06697	
Q06703	3.5.1.41
Q06704	
Q06705	
Q06706	
Q06708	
Q06810	
Q06817	2.7.7.-; 6.1.1.14
Q06833	
Q06836	
Q07084	
Q07350	
Q07381	
Q07418	
Q07442	
Q07457	2.3.2.27
Q07468	
Q07471	4.1.1.72
Q07478	3.6.4.13
Q07508	
Q07528	
Q07532	
Q07533	
Q07540	1.16.3.1
Q07551	1.2.1.-
Q07560	2.7.8.41
Q07648	3.1.1.96
Q07657	
Q07688	
Q07732	
Q07791	2.7.7.49; 2.7.7.7; 3.1.26.4; 3.4.23.-
Q07793	2.7.7.49; 2.7.7.7; 3.1.26.4; 3.4.23.-
Q07794	2.3.1.48
Q07800	3.1.3.-
Q07804	3.1.1.13
Q07807	
Q07821	
Q07824	
Q07830	2.-.-.-
Q07845	2.7.1.-
Q07878	
Q07879	2.3.2.-
Q07896	
Q07913	2.3.2.27
Q07914	
Q07915	
Q07921	
Q07923	1.5.1.39
Q07930	
Q07938	2.4.2.28
Q07950	3.1.1.13
Q07963	2.3.2.27
Q08001	
Q08004	
Q08032	
Q08096	
Q08108	3.1.1.5
Q08109	2.3.2.27
Q08144	
Q08162	3.1.13.-; 3.1.26.-
Q08179	
Q08193	2.4.1.-
Q08204	
Q08214	3.2.2.-; 4.2.99.18
Q08215	
Q08217	2.7.11.1
Q08218	
Q08220	6.3.2.3
Q08224	2.7.1.49; 2.7.4.7
Q08229	
Q08230	
Q08231	
Q08235	
Q08236	
Q08245	
Q08273	
Q08278	
Q08281	
Q08282	2.1.1.290; 2.3.1.231
Q08285	
Q08387	6.5.1.1
Q08412	
Q08417	
Q08438	
Q08444	3.1.-.-
Q08446	
Q08448	3.1.-.-; 3.1.1.4
Q08457	
Q08465	
Q08484	
Q08490	
Q08491	
Q08492	
Q08496	
Q08548	2.3.1.23; 2.3.1.51; 2.3.1.n6; 2.3.1.n7
Q08550	
Q08558	5.3.3.21
Q08562	3.6.4.-
Q08581	
Q08601	3.4.22.-
Q08641	2.1.1.268
Q08645	6.3.2.17
Q08647	5.4.99.-; 5.4.99.27
Q08649	2.3.1.-; 2.3.1.48
Q08650	2.3.1.20; 2.3.1.22
Q08651	1.1.1.-
Q08683	
Q08685	
Q08689	2.3.1.258
Q08702	3.6.1.71; 3.6.1.72
Q08723	
Q08747	
Q08749	
Q08754	
Q08760	
Q08773	3.6.4.-
Q08826	
Q08831	
Q08886	
Q08887	
Q08905	1.16.1.9
Q08920	
Q08921	
Q08923	
Q08924	
Q08931	
Q08949	
Q08951	
Q08955	
Q08959	3.1.4.-
Q08960	4.1.3.44
Q08962	
Q08965	
Q08967	
Q08968	2.7.7.-
Q08972	
Q08975	2.7.1.49; 2.7.4.7
Q08985	2.1.1.10
Q08986	
Q08992	4.2.1.130
Q10740	3.3.2.10; 3.4.11.-
Q12001	2.4.1.267
Q12003	2.7.11.1
Q12006	2.3.1.225
Q12009	2.1.1.33
Q12017	
Q12018	
Q12019	
Q12024	
Q12030	
Q12038	
Q12039	5.6.2.4
Q12041	
Q12043	3.1.1.3
Q12046	
Q12050	
Q12051	2.5.1.-; 2.5.1.1; 2.5.1.10; 2.5.1.29
Q12052	2.1.1.-
Q12055	2.7.4.3
Q12060	
Q12063	2.5.1.87
Q12068	1.1.1.265; 1.1.1.283
Q12071	
Q12080	
Q12088	2.7.7.49; 2.7.7.7; 3.1.26.4; 3.4.23.-
Q12092	
Q12093	2.8.1.14
Q12094	2.5.1.-
Q12098	
Q12099	3.6.4.13
Q12100	2.7.11.1
Q12106	
Q12112	2.7.7.49; 2.7.7.7; 3.1.26.4; 3.4.23.-
Q12113	2.7.7.49; 2.7.7.7; 3.1.26.4; 3.4.23.-
Q12114	
Q12118	
Q12123	
Q12124	
Q12127	
Q12136	
Q12141	2.7.7.49; 2.7.7.7; 3.1.26.4; 3.4.23.-
Q12142	
Q12146	
Q12149	3.1.13.-
Q12150	
Q12151	
Q12154	3.6.-.-
Q12157	6.3.2.-
Q12158	
Q12166	2.3.3.13
Q12168	3.2.1.39
Q12173	
Q12176	
Q12178	3.5.4.1
Q12181	1.18.1.-
Q12184	
Q12186	
Q12188	
Q12191	
Q12193	2.7.7.49; 2.7.7.7; 3.1.26.4; 3.4.23.-
Q12196	2.7.11.1; 3.6.3.-
Q12198	2.5.1.47; 2.5.1.49
Q12206	
Q12207	
Q12208	3.1.4.-; 4.6.1.-
Q12211	5.4.99.-
Q12213	
Q12216	2.3.2.-
Q12220	
Q12223	
Q12224	
Q12229	
Q12230	
Q12236	2.7.11.1
Q12241	
Q12246	2.7.1.91
Q12248	
Q12250	
Q12255	
Q12256	
Q12262	
Q12263	2.7.11.1
Q12265	2.7.6.1
Q12267	
Q12269	2.7.7.49; 2.7.7.7; 3.1.26.4; 3.4.23.-
Q12271	3.1.3.-; 3.1.3.36
Q12273	2.7.7.49; 2.7.7.7; 3.1.26.4; 3.4.23.-
Q12277	
Q12280	
Q12284	1.8.3.2
Q12285	
Q12287	
Q12292	
Q12297	
Q12300	
Q12303	3.4.23.-
Q12305	2.8.1.-
Q12306	
Q12309	
Q12311	
Q12315	
Q12316	2.7.7.49; 2.7.7.7; 3.1.26.4; 3.4.23.-
Q12317	
Q12321	
Q12324	
Q12328	
Q12330	
Q12333	1.16.1.9
Q12334	
Q12337	2.7.7.49; 2.7.7.7; 3.1.26.4; 3.4.23.-
Q12339	
Q12341	2.3.1.48
Q12343	
Q12344	
Q12349	
Q12355	
Q12361	
Q12362	3.5.4.26; 5.4.99.28
Q12363	
Q12365	
Q12366	
Q12373	
Q12377	
Q12379	
Q12380	
Q12382	2.7.1.174
Q12383	2.1.1.225
Q12386	
Q12389	3.6.4.13
Q12396	
Q12400	2.1.1.221
Q12402	
Q12404	5.3.4.1
Q12406	
Q12411	
Q12414	2.7.7.49; 2.7.7.7; 3.1.26.4; 3.4.23.-
Q12416	
Q12417	
Q12421	
Q12425	
Q12429	6.3.1.14
Q12432	
Q12438	
Q12440	
Q12443	
Q12445	
Q12446	
Q12449	
Q12451	
Q12452	1.1.1.270
Q12457	
Q12460	
Q12461	5.2.1.8
Q12462	
Q12463	2.1.1.214
Q12464	3.6.4.12
Q12465	
Q12466	
Q12468	3.4.-.-
Q12469	2.7.11.1
Q12472	2.7.7.49; 2.7.7.7; 3.1.26.4; 3.4.23.-
Q12473	1.16.1.9
Q12476	
Q12481	
Q12482	
Q12483	
Q12488	
Q12490	2.7.7.49; 2.7.7.7; 3.1.26.4; 3.4.23.-
Q12491	2.7.7.49; 2.7.7.7; 3.1.26.4; 3.4.23.-
Q12494	2.7.4.21
Q12495	
Q12499	
Q12501	2.7.7.49; 2.7.7.7; 3.1.26.4; 3.4.23.-
Q12502	
Q12505	2.7.11.1
Q12508	2.3.2.27
Q12509	
Q12511	3.1.3.43
Q12514	
Q12517	
Q12518	
Q12522	
Q12524	3.6.1.-; 3.6.1.56
Q12527	
Q12530	
Q12532	
Q12674	7.6.2.1
Q12675	7.6.2.1
Q12680	1.4.1.14
Q12691	7.2.2.3
Q12692	
Q12697	7.2.2.-
Q12734	
Q12745	
Q12746	1.6.2.2
Q12748	
Q12749	
Q12754	
Q3E754	
Q3E757	
Q3E772	
Q3E792	
Q3E793	
Q3E7B6	
Q3E7X9	
Q3E840	
Q3E846	
Q6Q547	
Q6WNK7	
Q7LHG5	2.7.7.49; 2.7.7.7; 3.1.26.4; 3.4.23.-
Q92316	
Q92317	
Q92325	
Q92328	
Q92331	
Q92393	2.7.7.49; 2.7.7.7; 3.1.26.4; 3.4.23.-
Q96VH5	
Q99176	
Q99190	1.3.1.93
Q99207	
Q99210	3.6.1.9
Q99216	
Q99219	
Q99220	
Q99222	
Q99231	2.7.7.49; 2.7.7.7; 3.1.26.4; 3.4.23.-
Q99257	
Q99258	4.1.99.12
Q99260	
Q99271	
Q99278	
Q99287	3.6.5.-
Q99299	
Q99312	3.1.3.99
Q99314	
Q99315	2.7.7.49; 2.7.7.7; 3.1.26.4; 3.4.23.-
Q99321	3.6.1.10; 3.6.1.52; 3.6.1.60
Q99325	
Q99337	2.7.7.49; 2.7.7.7; 3.1.26.4; 3.4.23.-
Q99380	
Q99383	
Q99385	
Q99394	
Q9ZZW7	
Q9ZZX1	3.1.-.-
D6W196	
O13525	
O13539	
O13559	3.6.4.12
O13577	
O14455	
O14464	
O75012	
P00425	
P00427	
P00447	1.15.1.1
P00856	
P00899	4.1.3.27
P00931	4.2.1.20
P01097	
P01149	
P02381	
P03872	
P03882	3.1.-.-
P04046	2.4.2.14
P04076	4.3.2.1
P04161	2.1.2.2
P04173	1.1.1.85
P04449	
P04650	
P04803	6.1.1.2
P05085	
P05316	
P05694	2.1.1.14
P05738	
P05743	
P05747	
P05749	
P06182	4.4.1.17
P06633	4.2.1.19
P06773	3.5.4.12
P06775	
P06776	3.1.4.53
P06783	
P07253	
P07258	6.3.5.5
P07262	1.4.1.4
P07266	
P07272	
P07275	1.2.1.88
P07284	6.1.1.11
P07806	6.1.1.9
P07807	1.5.1.3
P08431	2.7.7.12
P08456	2.7.8.8
P08465	2.3.1.31
P09368	1.5.5.2
P09435	
P09457	
P0C074	
P0C0W1	
P0C2H6	
P0C2H8	
P0C2H9	
P0CD90	
P0CD99	
P0CE00	
P0CE68	
P0CH63	4.2.1.69
P0CH64	4.2.1.69
P0CW40	3.2.1.10
P0CX08	1.1.1.67
P0CX14	3.6.4.12
P0CX15	3.6.4.12
P0CX20	3.6.4.12
P0CX21	3.6.4.12
P0CX23	
P0CX25	
P0CX26	
P0CX33	
P0CX34	
P0CX52	
P0CX86	
P0CX87	
P10355	
P10566	
P10834	
P10849	
P10869	2.7.2.4
P10963	4.1.1.49
P11927	
P12612	
P12685	
P12686	
P12687	
P12887	3.2.2.27
P13045	
P13090	
P13181	
P13188	6.1.1.18
P13298	2.4.2.10
P13434	
P13483	
P13711	1.3.3.6
P13902	
P14063	
P14066	
P14359	
P14843	2.5.1.54
P15179	6.1.1.12
P15365	
P15380	
P17121	
P17260	
P17261	
P17423	2.7.1.39
P17536	
P18408	1.8.4.8
P18414	
P18544	2.6.1.11
P18900	2.5.1.-
P18963	
P19158	
P19516	
P19735	
P19736	
P19881	3.1.3.41
P20048	2.7.1.108
P20051	3.5.2.3
P20053	
P20084	
P20134	
P20484	
P21595	1.14.14.-
P21657	
P21771	
P22035	
P22135	
P22136	
P22148	
P22202	
P22209	2.7.11.1
P22353	
P22354	
P22438	6.1.1.10
P22470	
P23059	
P23180	1.14.11.-
P23248	
P23285	5.2.1.8
P23369	
P23500	
P23501	3.1.3.-
P23624	
P23641	
P23748	3.1.3.48
P23833	
P24000	
P24521	2.7.4.2
P24719	2.7.11.1
P24871	
P25037	3.4.19.12
P25038	
P25039	
P25270	2.1.1.-
P25332	2.7.1.15
P25334	5.2.1.8
P25337	
P25338	1.14.18.12
P25339	
P25345	6.1.1.22
P25348	
P25349	
P25356	
P25360	
P25365	
P25367	
P25371	
P25379	4.3.1.17; 4.3.1.19
P25381	3.4.21.-
P25390	2.7.11.1
P25558	
P25559	
P25560	
P25566	1.8.4.12
P25569	
P25578	2.7.8.5
P25583	
P25587	
P25594	
P25596	
P25621	
P25625	
P25626	
P25628	2.3.1.-
P25632	
P25638	
P26343	
P26725	2.4.1.-
P26798	
P27344	
P27929	
P28006	
P28239	3.6.1.1
P28273	3.5.2.9
P28584	
P28777	4.2.3.5
P28789	2.5.1.61
P29467	
P29478	
P30606	
P31334	
P31379	
P31381	
P31386	
P31787	
P32048	6.1.1.6
P32190	2.7.1.30
P32191	1.1.5.3
P32263	1.5.1.2
P32264	2.7.2.11
P32331	
P32339	
P32341	
P32343	
P32344	
P32352	5.-.-.-
P32387	
P32445	
P32449	2.5.1.54
P32451	2.8.1.6
P32459	4.3.2.3
P32463	
P32464	
P32469	2.1.1.314
P32477	6.3.2.2
P32489	
P32496	
P32522	
P32524	
P32559	
P32568	
P32590	
P32601	
P32608	
P32611	
P32613	
P32617	
P32656	4.3.2.7
P32767	
P32781	
P32785	2.1.2.9
P32786	
P32787	
P32804	
P32805	
P32831	
P32836	
P32837	
P32841	
P32843	
P32875	2.8.1.8
P32903	
P32904	
P32907	
P32909	
P32945	3.1.3.16
P33122	
P33200	
P33204	
P33306	
P33311	
P33312	1.1.1.302
P33315	2.2.1.1
P33329	3.1.3.16
P33330	2.6.1.52
P33336	
P33411	
P33412	2.7.7.14
P33417	
P33448	
P33550	2.4.1.-
P33749	
P33750	
P33759	
P33890	
P33893	6.3.5.-
P33894	3.4.14.-
P34072	
P34165	
P34166	
P34220	3.1.21.-
P34222	3.1.1.29
P34232	
P34237	
P34239	
P34240	
P34243	3.6.4.12
P34253	
P35127	3.4.19.12
P35176	5.2.1.8
P35183	
P35184	
P35190	
P35202	2.7.6.2
P35210	
P35497	1.1.1.-; 1.1.1.9
P35723	
P35727	
P35731	1.1.1.100
P35735	
P35842	3.1.3.2
P35996	
P36001	6.3.2.17
P36002	2.7.11.1
P36004	2.7.11.1
P36008	
P36019	
P36023	
P36036	
P36039	
P36040	
P36053	
P36056	2.1.1.-
P36059	4.2.1.93
P36062	
P36064	
P36070	
P36080	
P36091	3.2.1.101
P36093	
P36097	
P36101	6.1.-.-
P36106	
P36110	
P36118	
P36120	3.6.4.13
P36121	
P36144	
P36145	
P36147	
P36164	
P36166	
P36167	
P36168	
P36169	
P36173	
P36224	
P36516	
P36517	
P36519	
P36520	
P36521	
P36523	
P36525	
P36526	
P36527	
P36528	
P36532	
P36533	
P37262	
P37302	3.4.11.15
P37898	3.4.11.-
P38064	
P38065	
P38066	3.5.4.25
P38067	1.2.1.16
P38068	
P38072	
P38082	
P38090	
P38113	1.1.1.1
P38114	
P38122	2.1.2.11
P38123	
P38125	
P38126	
P38127	
P38131	2.4.1.-
P38147	2.7.11.1
P38148	3.1.3.16; 3.1.3.48
P38158	3.2.1.20
P38162	
P38163	
P38164	
P38166	
P38167	
P38175	
P38179	2.4.1.258
P38187	3.4.19.12
P38193	
P38196	
P38200	
P38204	
P38210	
P38218	3.1.3.84; 3.2.2.-
P38219	
P38222	2.1.1.-
P38224	
P38226	2.3.-.-
P38227	
P38241	
P38254	6.3.2.25
P38260	
P38266	
P38278	2.1.1.286
P38279	
P38282	
P38293	
P38300	
P38302	
P38324	3.1.-.-
P38326	
P38331	3.1.3.89
P38337	
P38347	2.1.1.-
P38349	
P38359	
P38616	
P38622	2.7.11.1
P38625	6.3.5.2
P38636	
P38682	
P38687	
P38688	
P38698	3.6.1.11
P38699	
P38705	6.1.1.11
P38724	
P38727	
P38735	
P38737	
P38748	
P38749	
P38751	
P38754	
P38756	6.1.-.-
P38759	
P38760	
P38769	
P38772	
P38773	3.1.3.68
P38783	
P38789	
P38791	2.5.1.46
P38795	6.3.5.1
P38796	3.1.1.89
P38798	
P38800	
P38812	3.1.3.27
P38813	
P38816	1.8.1.9
P38818	2.1.1.59
P38824	
P38836	
P38837	
P38844	
P38858	3.1.1.31
P38860	
P38861	
P38865	
P38866	1.14.13.-
P38871	
P38877	
P38880	
P38890	2.1.1.-
P38892	2.1.1.-
P38904	
P38909	1.-.-.-
P38927	
P38957	
P38962	
P38966	
P38972	6.3.5.3
P38985	
P38986	3.5.1.1
P38988	
P38999	1.5.1.10
P39000	
P39012	
P39076	
P39077	
P39078	
P39079	
P39102	
P39103	
P39106	2.4.1.-
P39113	
P39526	
P39535	
P39543	
P39547	
P39548	
P39677	
P39692	1.8.1.2
P39712	
P39713	1.1.1.303
P39715	
P39724	
P39732	
P39734	
P39735	
P39924	
P39927	
P39932	
P39933	
P39938	
P39939	
P39953	
P39954	3.13.2.1
P39970	
P39980	
P39983	
P39987	
P39988	2.7.1.35
P39994	4.1.-.-
P40003	
P40004	
P40005	
P40007	
P40012	1.3.3.4
P40017	2.3.1.7
P40020	
P40023	
P40025	
P40026	
P40029	1.8.4.11
P40030	
P40031	
P40033	
P40035	
P40037	
P40038	
P40040	
P40043	
P40051	3.4.11.26
P40071	
P40074	
P40077	
P40079	
P40080	
P40085	
P40088	
P40092	
P40099	6.3.3.2
P40105	3.6.4.12
P40151	
P40154	
P40165	5.1.99.6
P40169	
P40185	
P40207	
P40212	
P40260	
P40310	
P40312	
P40314	
P40351	2.4.1.265
P40354	3.5.1.-
P40363	3.1.2.12
P40366	
P40413	
P40433	2.7.1.105
P40442	
P40452	
P40459	6.3.2.1
P40467	
P40468	
P40473	
P40474	
P40475	
P40480	
P40481	2.1.1.85
P40486	
P40489	
P40493	2.1.1.313
P40499	
P40504	2.4.1.-
P40512	
P40516	2.1.1.-
P40518	
P40522	
P40528	
P40532	
P40537	3.4.22.-
P40547	
P40549	2.4.1.-
P40550	
P40552	
P40555	
P40566	3.2.1.-
P40567	
P40574	
P40576	
P40580	1.1.1.320
P40582	2.5.1.18
P40583	3.4.23.-
P40858	
P40885	
P40886	
P40890	
P40897	
P40960	
P40965	
P40971	
P40975	
P40985	2.3.2.26
P40986	3.1.-.-
P41057	
P41058	
P41544	
P41696	
P41698	
P41733	
P41734	3.1.1.112
P41806	
P41814	
P41815	
P41818	
P41819	2.1.1.183
P41910	
P41912	
P41930	
P41940	2.7.7.13
P42826	2.7.1.17
P42833	
P42841	
P42843	
P42846	
P42847	
P42900	
P42934	2.4.1.109
P42937	3.1.3.-
P42938	2.7.-.-
P42944	
P42950	
P43124	
P43132	
P43544	3.5.1.2; 4.3.3.6
P43545	4.3.3.6
P43549	
P43550	2.7.1.28; 2.7.1.29
P43551	
P43553	
P43554	
P43556	
P43560	
P43568	2.7.11.22
P43569	
P43574	
P43577	2.3.1.4
P43579	
P43581	
P43582	
P43589	
P43591	2.7.1.-
P43596	
P43602	
P43606	
P43610	3.6.4.-
P43612	
P43614	
P43619	2.4.2.19
P43621	
P43623	4.4.1.13
P43634	
P43637	2.7.11.1
P43638	
P46670	
P46671	
P46683	
P46784	
P46950	
P46954	
P46956	
P46961	2.4.1.198
P46965	
P46969	5.1.3.1
P46970	
P46974	
P46982	2.4.1.-
P46988	
P47019	
P47030	
P47031	
P47040	
P47051	6.3.1.20
P47052	1.3.5.1
P47055	
P47056	
P47064	
P47079	
P47088	2.4.1.-
P47095	4.2.1.109
P47108	
P47117	
P47118	
P47123	
P47125	1.13.11.52
P47130	
P47133	
P47135	
P47137	1.-.-.-
P47138	
P47147	3.1.3.64
P47149	
P47150	
P47161	3.4.-.-
P47167	
P47172	
P47179	
P47180	3.2.1.15
P47185	
P47771	1.2.1.3
P47988	
P48015	2.1.2.10
P48232	
P48234	
P48239	1.8.5.1; 2.5.1.18
P48361	
P48365	
P48525	6.1.1.17
P48527	6.1.1.1
P48565	
P48567	5.4.99.25
P48570	2.3.3.14
P48606	
P48743	
P49090	6.3.5.4
P49167	
P49367	4.2.1.36
P49954	3.5.1.3
P49960	
P50077	
P50078	
P50080	
P50086	
P50109	
P50276	
P50277	2.6.1.62
P50278	
P50896	
P50944	
P50946	3.1.3.48
P51401	
P51533	
P51534	
P51998	
P52492	2.3.2.23
P52867	2.4.1.109
P52868	
P52892	2.6.1.2
P52893	2.6.1.2
P52919	
P52923	1.-.-.-
P53032	
P53059	2.4.1.-
P53062	
P53065	3.5.4.34
P53070	
P53073	
P53075	
P53080	
P53094	
P53102	
P53107	
P53108	
P53111	1.1.1.-
P53121	
P53123	2.1.1.168
P53124	
P53125	
P53128	1.5.1.53
P53136	
P53150	
P53153	3.1.-.-
P53158	
P53167	5.4.99.44
P53169	
P53174	
P53177	2.1.1.282
P53179	
P53187	
P53188	
P53189	3.2.1.-
P53206	2.5.1.47
P53214	
P53215	2.7.7.79
P53219	2.3.1.-
P53220	
P53221	
P53226	
P53228	2.2.1.2
P53233	2.7.11.1
P53235	
P53237	
P53239	
P53244	
P53246	
P53258	
P53260	6.3.5.-
P53266	
P53280	
P53283	
P53295	
P53306	2.4.1.198
P53312	6.2.1.5
P53313	
P53320	
P53322	
P53331	3.1.-.-
P53332	2.7.7.3
P53333	
P53337	
P53341	3.2.1.20
P53388	
P53389	
P53390	
P53437	
P53628	
P53629	2.3.1.-
P53631	
P53718	
P53727	2.7.1.35
P53729	3.6.5.-
P53730	2.4.1.260
P53732	
P53756	
P53819	3.6.4.12
P53823	3.5.1.2; 4.3.3.6
P53824	4.3.3.6
P53830	
P53834	
P53836	
P53843	
P53849	
P53852	6.1.1.16
P53861	
P53863	
P53875	
P53900	
P53903	
P53916	3.1.3.67
P53921	
P53934	2.1.1.22
P53935	
P53938	
P53943	
P53944	2.1.1.297
P53946	
P53953	
P53966	2.4.1.-
P53971	
P53982	1.1.1.42
P54114	1.2.1.3
P54838	2.7.1.28; 2.7.1.29
P54839	2.3.3.10
P54885	1.2.1.41
P54964	3.1.15.-
P56628	
P57744	
P81451	
P87284	
P89114	
Q00723	
Q00873	4.4.1.17
Q01163	
Q01802	2.6.1.1
Q01846	
Q01976	3.6.1.13
Q02196	2.7.1.25
Q02197	
Q02204	
Q02208	
Q02516	
Q02521	
Q02554	
Q02648	2.1.1.211
Q02721	
Q02753	
Q02770	5.2.1.8
Q02783	
Q02796	
Q02825	
Q02866	
Q02883	3.1.4.54
Q02891	2.3.1.84; 3.1.1.-
Q02932	
Q02959	3.5.1.98
Q02969	
Q02979	3.1.4.2
Q02983	
Q03002	2.7.11.1
Q03016	
Q03028	
Q03088	
Q03161	5.1.3.15
Q03175	2.5.1.87
Q03214	
Q03220	3.6.1.74
Q03246	
Q03254	3.1.3.16
Q03281	
Q03289	2.3.1.225
Q03306	2.7.11.1
Q03327	
Q03338	
Q03370	
Q03375	
Q03430	
Q03530	3.4.-.-
Q03579	
Q03661	
Q03694	
Q03707	
Q03718	
Q03735	
Q03750	
Q03764	2.7.1.82
Q03770	
Q03772	
Q03776	
Q03782	
Q03792	3.4.22.-
Q03824	
Q03825	
Q03829	
Q03860	
Q03919	
Q03935	
Q03937	
Q03956	
Q03981	
Q04004	
Q04006	
Q04052	
Q04066	3.5.1.9
Q04081	2.1.1.233
Q04116	
Q04172	
Q04174	2.4.1.-
Q04182	
Q04183	
Q04199	
Q04213	
Q04279	
Q04299	3.1.3.84
Q04347	
Q04372	
Q04399	1.-.-.-
Q04411	
Q04412	
Q04430	2.7.1.33
Q04431	
Q04533	2.5.1.48
Q04545	
Q04549	
Q04562	
Q04632	
Q04658	
Q04675	
Q04697	
Q04712	
Q04740	3.1.26.4
Q04751	2.3.1.257
Q04894	1.1.1.2
Q04895	
Q04902	4.2.1.130
Q04930	
Q04934	
Q04935	
Q04952	2.4.1.34
Q04969	
Q05024	
Q05040	
Q05043	
Q05050	
Q05131	
Q05468	
Q05498	
Q05506	6.1.1.19
Q05518	
Q05541	
Q05543	
Q05584	3.1.2.6
Q05610	
Q05635	
Q05670	
Q05777	
Q05788	2.4.2.1
Q05790	3.2.-.-
Q05791	
Q05809	
Q05874	2.1.1.-
Q05892	
Q05911	4.3.2.2
Q05924	3.1.-.-
Q05926	
Q05933	
Q05934	
Q05942	
Q05947	
Q05998	
Q06001	
Q06005	2.3.1.181
Q06071	
Q06090	
Q06091	
Q06098	2.7.11.1
Q06103	
Q06104	
Q06137	2.7.1.105; 3.1.3.46
Q06162	
Q06169	
Q06179	
Q06201	
Q06208	
Q06236	
Q06244	5.4.99.43
Q06245	
Q06315	
Q06325	3.4.23.-
Q06328	
Q06333	
Q06336	
Q06338	
Q06349	3.1.13.-; 3.6.1.-
Q06405	
Q06407	
Q06412	
Q06417	1.-.-.-
Q06436	2.3.2.27
Q06451	
Q06497	
Q06511	
Q06525	
Q06538	
Q06567	
Q06568	
Q06624	
Q06667	2.7.1.158
Q06668	2.1.1.-
Q06672	
Q06683	3.6.4.-
Q06698	3.6.4.13
Q06702	3.5.1.41
Q06707	
Q06709	
Q06815	
Q06819	
Q06834	
Q06835	
Q06891	
Q06892	2.7.1.86
Q06991	
Q07395	
Q07458	
Q07500	1.6.5.9
Q07527	2.1.1.34
Q07534	
Q07541	
Q07623	
Q07651	
Q07729	3.5.4.3
Q07799	
Q07825	3.4.11.9
Q07844	
Q07949	3.1.3.-
Q07951	
Q07953	
Q07979	
Q07980	
Q07993	1.1.1.9
Q08003	
Q08058	
Q08119	
Q08176	
Q08199	
Q08208	
Q08219	
Q08232	
Q08237	3.1.-.-
Q08269	
Q08271	2.4.1.-
Q08287	
Q08295	3.2.1.10
Q08299	
Q08409	
Q08471	
Q08485	
Q08561	
Q08579	
Q08580	
Q08622	
Q08673	
Q08686	2.8.1.1
Q08726	3.6.5.-
Q08732	2.7.11.1
Q08742	2.8.1.1
Q08745	
Q08746	
Q08817	
Q08822	1.5.5.1
Q08873	
Q08902	
Q08906	
Q08908	1.16.1.9
Q08911	1.17.1.9
Q08913	
Q08914	4.2.1.130
Q08925	
Q08929	
Q08930	3.4.19.12
Q08957	
Q08961	2.1.1.-
Q08963	
Q08966	
Q08977	
Q08981	
Q08991	
Q12000	
Q12004	
Q12008	5.4.2.11
Q12010	
Q12013	2.3.1.225
Q12015	
Q12016	
Q12025	
Q12028	
Q12029	
Q12031	4.1.3.30
Q12033	
Q12034	
Q12035	
Q12040	3.1.3.-
Q12045	
Q12048	
Q12049	
Q12056	
Q12066	
Q12067	
Q12069	5.4.99.28
Q12072	
Q12078	
Q12083	
Q12084	2.7.1.48
Q12086	3.1.-.-
Q12090	3.1.-.-
Q12096	2.4.1.-
Q12102	
Q12104	
Q12107	
Q12122	2.3.3.14
Q12125	
Q12133	
Q12143	
Q12152	2.7.11.1
Q12153	
Q12156	
Q12159	
Q12161	
Q12163	
Q12164	
Q12165	
Q12171	
Q12172	
Q12175	
Q12180	
Q12192	
Q12199	
Q12200	
Q12204	3.1.1.-
Q12205	3.2.1.-
Q12209	1.16.1.7
Q12215	
Q12218	
Q12222	2.7.11.1
Q12232	
Q12233	
Q12234	
Q12235	
Q12242	
Q12245	
Q12270	3.4.21.-
Q12283	2.3.1.39
Q12289	
Q12296	
Q12308	
Q12310	2.7.11.1
Q12318	
Q12320	3.1.2.6
Q12326	5.4.2.11
Q12329	
Q12335	
Q12338	
Q12342	
Q12345	
Q12347	
Q12348	
Q12354	3.1.2.-; 3.1.2.22
Q12359	
Q12369	
Q12372	
Q12375	
Q12378	3.1.3.16
Q12387	
Q12390	2.5.1.18
Q12395	
Q12403	
Q12405	3.1.1.-
Q12415	
Q12420	
Q12427	
Q12431	
Q12433	
Q12434	
Q12442	
Q12447	2.3.1.-
Q12450	
Q12453	
Q12455	2.5.1.22
Q12458	1.1.1.-
Q12471	2.7.1.105
Q12477	
Q12487	
Q12493	
Q12510	
Q12513	
Q12516	
Q12520	
Q12525	2.1.1.10
Q12676	6.3.2.12
Q12743	
Q12751	
Q12753	
Q2V2P9	
Q3E705	
Q3E731	
Q3E785	
Q3E790	
Q3E798	
Q3E7A4	
Q3E7B2	
Q3E7C1	
Q3E7Y3	
Q3E7Y6	
Q3E827	
Q3E829	
Q3E833	
Q3E834	
Q3E835	
Q6Q560	
Q6Q595	
Q8TGJ3	
Q99181	
Q99186	
Q99188	
Q99189	
Q99288	3.1.3.-
Q99297	
Q99316	5.3.4.1
Q99332	
Q99344	6.2.1.64
Q99359	
Q99382	
Q99393	
Q9P305	
Q9URQ3	
Q9URQ5	
A2P2R3	2.6.1.16
O14468	
O74302	
P00498	2.4.2.17
P00912	5.3.1.24
P01098	
P02407	
P03874	
P03875	
P03876	
P04801	6.1.1.3
P06174	4.2.1.75
P07172	2.6.1.9
P07236	6.1.1.3
P07252	
P07285	2.4.2.18
P07390	
P08019	3.2.1.3
P08459	
P08468	
P09007	
P09436	6.1.1.5
P09932	
P0C155	3.4.17.-
P0C271	
P0C2H7	
P0C2I4	
P0C2I8	
P0C2J4	
P0C2J6	
P0CE11	
P0CF34	
P0CW41	3.2.1.10
P0CX09	1.1.1.67
P0CX10	4.2.1.11
P0CX11	4.2.1.11
P0CX13	
P0CX22	3.6.4.12
P0CX24	
P0CX57	
P0CX58	
P0CX59	
P0CX60	
P0CX61	
P0CX62	
P0CX65	
P0CX66	
P0CX67	
P0CX68	
P0CX69	
P0CX70	
P0CX71	
P0CX72	
P0CX73	
P0CX74	
P0CX75	
P0CX76	
P0CY07	
P0CY09	
P0CY11	
P10662	
P10663	
P14127	
P14905	
P16120	4.2.3.1
P16151	
P16523	
P16547	
P16639	2.3.2.8
P16965	
P17122	
P17123	
P17558	
P18411	
P18496	
P18634	
P18962	3.4.14.-
P19956	
P20049	1.3.1.13
P21264	4.1.1.21
P21304	
P21339	
P21592	2.5.1.-
P21705	
P22023	
P22215	
P22434	3.1.4.17
P23250	
P23796	2.4.2.-
P23797	3.5.1.89
P24031	3.1.3.2
P24720	
P25036	3.4.21.-
P25040	
P25335	3.5.3.4
P25354	
P25355	
P25366	
P25372	
P25380	
P25383	
P25568	
P25579	
P25584	
P25585	
P25611	
P25619	
P25642	
P25649	
P25659	
P26637	6.1.1.4
P28625	
P28778	
P30402	2.4.2.10
P30777	2.4.1.-
P32317	
P32351	
P32375	3.5.2.5
P32388	
P32435	
P32448	
P32452	4.2.1.51
P32453	
P32487	
P32493	
P32525	
P32572	
P32583	
P32606	
P32616	
P32634	
P32770	
P32775	2.4.1.18
P32806	
P32857	
P32858	
P32896	
P32902	
P33303	
P33304	
P33323	
P33331	
P33335	
P33757	
P34228	
P34231	
P34234	
P34248	3.4.23.-
P34250	
P35172	3.2.1.28
P35178	
P35195	
P35209	
P35724	
P36026	3.4.19.12
P36029	
P36038	
P36044	
P36054	
P36069	5.4.-.-
P36078	
P36090	
P36125	
P36137	
P36139	
P36141	1.-.-.-
P36150	2.1.1.107
P36172	
P36534	
P36973	2.4.2.7
P37261	
P37267	
P37293	2.3.1.-
P37304	
P38061	
P38073	
P38079	
P38081	3.2.1.-
P38087	
P38089	3.1.3.16
P38120	
P38124	
P38141	
P38142	
P38145	2.5.1.9
P38151	
P38152	
P38156	
P38157	
P38172	
P38176	
P38197	
P38206	
P38229	
P38230	1.6.5.5
P38232	
P38234	
P38271	
P38281	
P38288	
P38305	
P38314	
P38315	
P38325	
P38330	
P38335	
P38343	
P38358	
P38374	
P38693	3.1.3.2
P38694	1.2.1.-
P38702	
P38707	6.1.1.22
P38708	6.1.1.15
P38714	6.1.1.19
P38732	2.1.1.-
P38734	
P38738	
P38739	
P38746	
P38750	
P38765	5.1.-.-
P38767	
P38771	
P38774	3.1.3.68
P38776	
P38777	3.1.-.-
P38784	
P38787	1.1.1.169
P38790	4.2.1.-
P38804	
P38809	
P38814	
P38819	
P38828	
P38829	
P38839	
P38845	
P38848	
P38849	
P38852	
P38854	
P38872	
P38876	3.1.1.29
P38884	
P38885	
P38913	2.7.7.2
P38921	
P38958	
P38969	
P38971	
P39005	
P39110	
P39523	
P39525	2.3.1.41
P39551	
P39567	1.1.1.205
P39682	
P39684	
P39708	1.4.1.4
P39709	
P39718	
P39937	
P39944	3.4.19.12
P39955	
P39961	
P39965	6.1.1.15
P39967	3.4.19.12
P39981	
P39982	
P40002	
P40006	
P40019	
P40036	
P40039	
P40041	
P40045	
P40050	
P40060	
P40063	
P40081	3.1.3.48
P40095	
P40100	
P40155	
P40156	
P40187	
P40188	
P40210	
P40214	
P40219	
P40309	
P40317	
P40325	
P40328	
P40342	
P40434	3.6.4.12
P40440	
P40441	
P40445	
P40451	
P40463	
P40464	
P40478	
P40483	3.4.24.-
P40491	
P40496	
P40511	
P40513	
P40525	
P40529	
P40531	
P40533	
P40544	
P40545	5.3.1.16
P40546	
P40561	
P40570	
P40578	
P40856	
P40884	3.2.1.10
P40889	3.6.4.12
P40987	
P40990	
P41817	
P41913	
P42222	4.2.1.11
P42223	
P42834	
P42842	
P42883	2.-.-.-
P42940	
P42941	3.1.3.3
P42943	
P43538	3.6.4.12
P43548	
P43557	
P43562	
P43592	
P43598	
P43607	
P43611	
P43613	
P43615	
P43620	
P45819	
P46151	1.5.1.20
P46955	
P46958	
P46973	
P46983	
P46992	
P46993	
P46997	
P46999	
P47005	
P47007	
P47015	
P47018	
P47042	2.7.11.1
P47046	
P47049	
P47081	
P47084	
P47085	
P47089	
P47099	
P47111	
P47127	
P47140	
P47141	
P47148	
P47153	
P47155	
P47163	2.1.1.-
P47165	2.4.2.-
P47166	
P47175	
P47177	1.13.12.16
P47183	2.-.-.-
P47187	
P47976	
P48353	
P48362	
P48526	6.1.1.5
P48560	
P48564	
P48589	
P49089	6.3.5.4
P50104	
P50112	
P50113	2.7.8.7
P50273	
P50873	2.7.11.1
P52290	3.1.3.2
P52911	3.2.1.58
P52918	
P52924	
P53036	
P53046	
P53047	
P53050	
P53058	
P53060	
P53072	2.3.-.-
P53099	
P53100	1.-.-.-
P53118	3.1.-.-
P53139	
P53142	
P53155	
P53172	
P53183	1.1.1.-
P53198	
P53200	2.1.1.-
P53203	
P53241	
P53242	
P53248	
P53253	
P53257	
P53279	
P53285	
P53289	
P53292	
P53304	2.3.1.-
P53305	
P53315	3.1.1.31
P53316	
P53319	1.1.1.44
P53338	
P53394	
P53438	
P53600	
P53630	6.3.3.3
P53723	
P53724	
P53728	5.2.1.8
P53733	
P53735	
P53744	
P53835	
P53850	
P53851	
P53854	
P53857	
P53873	
P53878	1.-.-.-
P53881	
P53882	
P53883	
P53885	
P53892	
P53898	
P53913	
P53918	
P53937	
P53949	
P53960	
P53961	2.4.1.198
P53970	2.1.1.-
P54005	
P54730	
P56508	
P80235	2.3.1.7
P87262	
P87275	
P89113	
P89886	
Q00453	
Q01766	
Q02608	
Q02710	
Q02772	
Q02803	
Q02863	3.4.19.12
Q02875	
Q02889	
Q02961	1.-.-.-
Q03029	
Q03079	
Q03085	
Q03099	3.6.4.12
Q03151	
Q03153	
Q03201	
Q03212	
Q03218	
Q03264	3.1.-.-
Q03266	4.1.3.38
Q03419	
Q03441	
Q03446	
Q03483	
Q03496	
Q03516	
Q03525	
Q03652	
Q03667	
Q03673	
Q03697	
Q03760	
Q03786	2.7.1.12
Q03796	3.1.3.32
Q03798	
Q03799	
Q03856	
Q03880	
Q03899	
Q03942	2.1.1.-
Q03964	
Q03976	
Q04005	
Q04007	
Q04031	
Q04083	
Q04201	
Q04210	
Q04212	1.1.1.116
Q04215	
Q04216	
Q04225	
Q04233	
Q04301	
Q04329	
Q04341	
Q04368	
Q04383	
Q04418	
Q04429	
Q04471	3.4.-.-
Q04487	
Q04516	1.-.-.-
Q04585	2.7.1.47
Q04598	
Q04599	
Q04600	
Q04602	
Q04623	2.3.1.-
Q04706	
Q04734	
Q04767	
Q04772	
Q04792	4.1.1.15
Q04806	2.5.1.18
Q04949	
Q05015	3.1.-.-
Q05473	
Q05648	
Q05672	
Q05676	
Q05778	
Q05827	
Q05905	
Q05937	
Q05955	
Q06011	
Q06108	
Q06109	
Q06116	
Q06134	
Q06149	
Q06188	
Q06200	
Q06214	
Q06216	
Q06350	3.2.1.14
Q06466	
Q06469	
Q06479	
Q06485	
Q06490	
Q06494	1.1.1.65
Q06543	3.6.5.-
Q06563	
Q06597	
Q06616	
Q06636	
Q06640	
Q06644	2.4.1.109
Q06665	
Q06673	
Q06678	
Q06682	
Q06686	
Q06688	
Q06689	
Q06820	
Q06822	
Q07349	
Q07351	
Q07362	
Q07376	
Q07451	
Q07549	
Q07653	
Q07655	
Q07660	
Q07684	
Q07748	2.-.-.-
Q07786	1.1.1.-; 1.1.1.9
Q07788	
Q07798	
Q07843	
Q07872	
Q07888	3.6.4.12
Q07897	
Q07904	
Q07959	
Q07987	
Q07988	
Q07990	
Q08045	
Q08157	
Q08182	
Q08202	
Q08223	
Q08225	3.4.14.4
Q08226	
Q08227	3.1.3.36
Q08234	
Q08268	
Q08280	
Q08347	3.1.6.-
Q08416	
Q08421	
Q08422	
Q08553	
Q08646	
Q08693	3.-.-.-
Q08729	
Q08750	
Q08777	
Q08818	
Q08904	
Q08907	
Q08919	
Q08926	
Q08932	
Q08952	
Q08956	
Q08970	
Q08995	3.6.4.12
Q12021	
Q12036	2.7.8.7
Q12057	
Q12059	
Q12074	2.5.1.16
Q12085	
Q12089	
Q12091	
Q12109	6.1.1.2
Q12117	
Q12119	
Q12128	
Q12132	
Q12139	
Q12144	
Q12145	
Q12167	
Q12189	5.3.1.6
Q12194	
Q12202	
Q12214	3.5.1.98
Q12217	
Q12221	
Q12239	
Q12244	
Q12247	
Q12251	
Q12252	
Q12260	
Q12266	
Q12272	2.7.1.160
Q12276	
Q12282	
Q12286	
Q12288	2.4.2.-
Q12291	2.1.1.312
Q12293	
Q12314	2.1.1.-
Q12325	
Q12340	
Q12350	
Q12358	1.14.11.-
Q12367	2.1.1.-
Q12368	
Q12374	
Q12385	2.3.1.51
Q12391	
Q12392	
Q12393	
Q12398	
Q12407	
Q12408	
Q12412	
Q12428	4.2.1.79
Q12436	
Q12439	
Q12441	
Q12454	3.1.3.48
Q12467	
Q12470	
Q12480	
Q12485	
Q12500	
Q12504	2.1.1.-
Q12507	
Q12512	
Q12515	
Q12672	
Q12690	
Q2V2P8	
Q2V2Q1	
Q3E6R5	
Q3E752	
Q3E764	
Q3E7X8	3.6.4.12
Q3E830	
Q6Q546	
Q6Q5H1	
Q6Q5K6	
Q7LHD1	
Q86ZR7	3.1.3.96
Q8TGM6	
Q8TGN9	
Q92392	
Q99177	
Q99208	3.6.4.12
Q99234	
Q99247	
Q99252	
Q99303	
Q99369	3.1.-.-
Q99373	
A0A023PXB5	
A0A023PXH9	
A0A023PZA4	
A0A023PZI1	
A0A023PZL7	
A5Z2X5	
D6VPM8	
O13511	
O13512	
O13529	
O13543	
O13548	
O13549	
O13550	
O13554	
O13584	
O13585	
O43137	
O94084	
O94143	
P08521	
P08593	
P09937	
P0C261	
P0C2J2	
P0C5B8	
P0CD97	
P0CD98	
P0CE69	
P0CE85	
P0CE86	
P0CE87	
P0CE88	
P0CE89	
P0CE90	
P0CE91	
P0CE92	
P0CE93	
P0CF18	
P0CF19	
P0CF20	
P0CF21	4.3.1.17
P0CF22	4.3.1.17
P0CF33	
P0CF35	
P0CF36	
P0CL27	
P0CL28	
P0CL29	
P0CL30	
P0CL31	
P0CL34	
P0CL35	
P0CL36	
P0CL37	
P0CL38	
P0CL39	
P0CL40	
P0CL41	
P0CL42	
P0CT86	
P0CX12	
P0CX18	
P0CX19	
P0CY13	
P10356	
P13130	
P21623	
P22580	3.5.1.4
P23060	
P23493	
P25351	
P25361	
P25362	
P25370	
P25565	
P25600	
P25601	
P25607	
P25608	
P25610	
P25612	1.1.1.-
P25616	
P25617	
P25631	
P25639	
P25654	
P28003	
P28626	
P29589	
P32047	
P32330	
P32385	
P32450	
P32460	
P32488	
P32564	
P32612	
P32618	
P32633	
P32645	
P32788	
P32792	
P33324	
P34224	
P34246	
P34251	1.-.-.-
P35198	
P35719	
P35736	
P35994	
P35995	
P36025	
P36032	
P36034	
P36052	2.1.1.320
P36066	
P36082	
P36083	
P36085	
P36086	
P36103	
P36114	
P36129	
P36134	
P36138	
P36142	
P36151	
P36154	
P36155	
P36157	
P36158	
P37263	
P37265	
P38150	
P38155	
P38177	
P38189	
P38190	
P38191	
P38192	
P38195	
P38202	
P38213	
P38216	
P38231	
P38235	
P38239	
P38240	
P38243	
P38246	
P38253	
P38256	2.3.1.-
P38267	
P38268	
P38276	
P38277	
P38280	
P38284	
P38290	
P38292	
P38306	
P38308	
P38312	
P38318	
P38320	
P38346	
P38355	
P38430	3.1.21.-
P38635	3.1.3.15
P38690	
P38709	2.7.7.9
P38716	
P38721	
P38723	
P38725	
P38728	
P38740	
P38744	4.2.1.96
P38745	
P38747	
P38763	
P38832	
P38833	
P38835	
P38841	
P38842	
P38867	
P38870	
P38887	
P38893	5.-.-.-
P39101	
P39529	
P39542	
P39549	
P39557	
P39721	
P39931	
P39945	
P39959	
P39975	
P39991	
P39996	
P40008	
P40022	
P40042	
P40049	
P40052	
P40053	
P40057	
P40093	
P40097	
P40098	
P40157	
P40159	
P40206	
P40209	
P40326	
P40361	
P40364	
P40446	
P40447	
P40456	
P40470	
P40476	
P40497	
P40500	
P40502	
P40508	
P40514	
P40520	
P40521	
P40524	
P40534	
P40560	
P40569	
P40579	1.-.-.-
P40585	
P40892	2.3.1.-
P40893	
P40962	
P41902	
P42840	
P42884	1.1.1.-
P42933	
P42936	
P42942	
P42946	
P42947	
P42948	
P43537	
P43542	
P43546	1.1.1.-
P43547	1.1.1.-
P43552	
P43570	
P43575	
P43590	3.4.-.-
P43595	
P43597	
P43599	
P43600	
P43604	
P43617	
P43624	
P45820	
P46679	
P46949	
P46991	
P46996	
P46998	
P47009	
P47010	
P47014	
P47020	
P47023	
P47034	
P47036	
P47044	
P47048	
P47065	
P47072	
P47087	
P47090	
P47101	
P47115	
P47129	
P47131	
P47139	
P47144	
P47145	3.1.1.3
P47146	
P47157	
P47159	
P47173	
P47174	
P47181	
P47182	1.1.1.-
P48235	
P48569	
P50084	
P50088	
P50263	
P50943	
P53009	
P53053	
P53057	
P53074	
P53077	
P53078	
P53081	
P53087	
P53089	
P53117	
P53120	
P53130	
P53134	
P53147	
P53171	
P53185	
P53194	
P53209	
P53210	
P53212	
P53217	
P53227	
P53243	
P53265	
P53270	
P53272	
P53273	
P53274	
P53278	
P53287	
P53288	
P53326	
P53336	2.1.1.-
P53339	
P53343	
P53344	
P53427	
P53583	
P53584	
P53736	
P53745	2.4.1.-
P53747	
P53748	
P53749	
P53750	3.1.-.-
P53751	
P53752	
P53755	
P53757	5.-.-.-
P53822	
P53841	
P53862	
P53869	
P53889	3.-.-.-
P53908	
P53912	
P53925	
P53928	
P53929	
P53932	
P53947	
P53956	
P53958	
P53962	
P53964	
P53975	
P54072	
P54858	
P85052	
P87267	
P87286	
Q01684	
Q02202	
Q02203	
Q02606	
Q02651	
Q02754	
Q02771	
Q02781	
Q02786	
Q02799	
Q02820	
Q02864	
Q02873	
Q02895	1.1.1.-
Q02981	
Q03036	
Q03049	1.1.1.-
Q03050	
Q03102	
Q03104	
Q03177	
Q03187	
Q03193	
Q03210	3.1.-.-
Q03219	
Q03233	
Q03263	
Q03361	
Q03362	
Q03482	
Q03508	
Q03559	
Q03648	
Q03653	
Q03730	
Q03780	
Q03783	
Q03795	
Q03900	
Q03913	
Q03983	
Q04018	
Q04033	3.4.11.-
Q04093	3.1.-.-
Q04100	
Q04162	
Q04170	
Q04231	
Q04304	
Q04336	
Q04398	
Q04406	
Q04408	
Q04413	
Q04438	
Q04489	
Q04689	
Q04748	
Q04773	
Q04835	
Q04867	2.1.1.-
Q04869	
Q04922	
Q04925	
Q04991	
Q05497	
Q05611	
Q05637	
Q05812	
Q05854	
Q05863	
Q05867	
Q05881	
Q05899	
Q05948	
Q06070	
Q06089	
Q06107	
Q06139	
Q06146	
Q06152	
Q06158	
Q06170	
Q06177	
Q06199	
Q06235	
Q06247	
Q06251	
Q06252	
Q06523	
Q06524	
Q06537	
Q06595	
Q06608	
Q06674	
Q06839	
Q07379	
Q07454	
Q07505	3.1.1.45
Q07521	
Q07530	1.-.-.-
Q07535	
Q07555	
Q07589	
Q07622	
Q07629	
Q07716	
Q07747	1.1.1.-
Q07790	
Q07829	
Q07834	
Q07887	
Q07895	
Q07928	
Q07986	
Q07992	
Q08023	
Q08054	
Q08206	
Q08213	3.1.-.-
Q08238	
Q08240	
Q08300	
Q08322	
Q08361	1.1.1.-
Q08474	
Q08498	
Q08522	
Q08559	
Q08560	
Q08630	
Q08634	
Q08687	
Q08692	
Q08743	
Q08748	
Q08774	
Q08786	
Q08816	
Q08844	
Q08900	
Q08910	
Q08912	
Q08954	
Q08958	
Q08964	
Q08969	
Q08971	
Q08974	
Q08979	
Q08980	
Q08989	
Q08993	
Q12012	
Q12020	
Q12027	
Q12032	
Q12042	
Q12044	
Q12064	
Q12079	
Q12103	3.1.-.-
Q12108	
Q12116	
Q12121	
Q12129	
Q12134	
Q12155	
Q12160	
Q12177	
Q12179	
Q12182	
Q12185	2.3.-.-
Q12212	
Q12226	2.3.1.-
Q12253	
Q12254	
Q12259	
Q12275	
Q12298	
Q12301	
Q12331	
Q12346	
Q12370	
Q12418	
Q12424	
Q12459	
Q12479	
Q12486	3.-.-.-
Q12489	
Q12497	
Q12498	
Q12523	
Q12529	2.1.1.-
Q2V2P2	
Q2V2P3	
Q2V2P5	
Q2V2Q2	
Q3E6R4	
Q3E747	
Q3E756	
Q3E769	
Q3E770	
Q3E784	
Q3E7A3	
Q3E7A7	
Q3E7A8	
Q3E7A9	
Q3E7B0	
Q3E7B7	
Q3E7B9	
Q3E7Y4	
Q3E7Y5	
Q3E808	
Q3E811	
Q3E823	
Q3E824	
Q3E828	
Q3E841	
Q3E842	
Q6B0V8	
Q6B0X2	
Q6B2U8	
Q6Q5P6	
Q6Q5X2	
Q7M4S9	
Q870I1	
Q8TGK5	
Q8TGM7	
Q8TGU5	
Q8TGU7	
Q96VH4	1.-.-.-
Q99326	
Q99341	
Q9ZZX0	3.1.-.-
A0A023PXA5	
A0A023PXB0	
A0A023PXB9	
A0A023PXC2	
A0A023PXC7	
A0A023PXD3	
A0A023PXD5	
A0A023PXD9	
A0A023PXE5	
A0A023PXE8	
A0A023PXF2	
A0A023PXF5	
A0A023PXF8	
A0A023PXG3	
A0A023PXG7	
A0A023PXH2	
A0A023PXH4	
A0A023PXH5	
A0A023PXH6	
A0A023PXI0	
A0A023PXI4	
A0A023PXI5	
A0A023PXI8	
A0A023PXJ3	
A0A023PXJ7	
A0A023PXK2	
A0A023PXK7	
A0A023PXL1	
A0A023PXL7	
A0A023PXM2	
A0A023PXM7	
A0A023PXN3	
A0A023PXN9	
A0A023PXP4	
A0A023PXP7	
A0A023PXQ4	
A0A023PXQ9	
A0A023PYC6	
A0A023PYD0	
A0A023PYD3	
A0A023PYD7	
A0A023PYD9	
A0A023PYE4	
A0A023PYE9	
A0A023PYF4	
A0A023PYF7	
A0A023PYG1	
A0A023PYG5	
A0A023PYH0	
A0A023PYH5	
A0A023PYH8	
A0A023PYI2	
A0A023PYI5	
A0A023PYJ0	
A0A023PYJ4	
A0A023PYJ7	
A0A023PYK2	
A0A023PZ94	
A0A023PZ99	
A0A023PZA9	
A0A023PZB3	
A0A023PZB8	
A0A023PZC3	
A0A023PZC7	
A0A023PZD0	
A0A023PZD5	
A0A023PZE1	
A0A023PZE2	
A0A023PZE4	
A0A023PZE6	
A0A023PZE8	
A0A023PZE9	
A0A023PZF2	
A0A023PZF3	
A0A023PZF5	
A0A023PZF9	
A0A023PZG0	
A0A023PZG4	
A0A023PZG5	
A0A023PZG9	
A0A023PZH1	
A0A023PZH4	
A0A023PZH5	
A0A023PZH9	
A0A023PZI4	
A0A023PZI9	
A0A023PZJ3	
A0A023PZJ9	
A0A023PZK4	
A0A023PZK9	
A0A023PZL2	
A0A023PZM3	
A0A0B7P221	
A0A8D9PCQ4	
A0A8D9PH56	
A0A8D9UGQ7	
A0A8D9UGU6	
I2HB52	
I2HB70	
O13513	
O13514	
O13515	
O13517	
O13518	
O13519	
O13520	
O13521	
O13522	
O13523	
O13530	
O13531	
O13532	
O13533	
O13534	
O13536	
O13537	
O13540	
O13541	
O13542	
O13544	
O13545	
O13546	
O13553	
O13555	
O13556	
O13557	
O13558	
O13560	
O13561	
O13562	
O13564	
O13565	
O13566	
O13567	
O13568	
O13569	
O13570	
O13571	
O13572	
O13573	
O13574	
O13575	
O13576	
O13578	
O13579	
O13582	
O13583	
O13586	
O13587	
O13588	
O42831	
O94085	
O94086	
P03881	
P0C0V2	
P0C1V3	
P0C1Z1	
P0C268	
P0C269	
P0C270	
P0C272	
P0C289	
P0C5E0	
P0C5E1	
P0C5K9	
P0C5L0	
P0C5L1	
P0C5L2	
P0C5L3	
P0C5L4	
P0C5L5	
P0C5L6	
P0C5L7	
P0C5L8	
P0C5L9	
P0C5M0	
P0C5M1	
P0C5M2	
P0C5M3	
P0C5M4	
P0C5M5	
P0C5M6	
P0C5M7	
P0C5M8	
P0C5M9	
P0C5N0	
P0C5N1	
P0C5N2	
P0C5N3	
P0C5N4	
P0C5N5	
P0C5N6	
P0C5N7	
P0C5N8	
P0C5N9	
P0C5P0	
P0C5P1	
P0C5P2	
P0C5P3	
P0C5P4	
P0C5P5	
P0C5P6	
P0C5P7	
P0C5P8	
P0C5P9	
P0C5Q0	
P0C5Q1	
P0C5Q2	
P0C5Q3	
P0C5Q4	
P0C5Q5	
P0C5Q6	
P0C5Q7	
P0C5Q8	
P0C5Q9	
P0C5R0	
P0C5R1	
P0C5R2	
P0C5R3	
P0C5R4	
P0C5R5	
P0C5R6	
P0C5R7	
P0C5R8	
P0C5S0	
P0C5S1	
P0CE96	
P0CE97	
P0CE98	
P0CE99	
P0CF00	
P0CF16	
P0CF17	
P0CI66	
P0CI67	
P0CL23	
P0CL24	
P0CL25	
P0CL26	
P0CL32	
P0CL33	
P0CX16	
P0CX17	
P0CX88	
P0CX89	
P0CX90	
P0CX91	
P0CX92	
P0CX93	
P0CX94	
P0CX95	
P0CX96	
P0CX97	
P0CX98	
P0CX99	
P0CY00	
P0CY01	
P0CY02	
P0CY03	
P0CY04	
P0CY05	
P25347	
P25350	
P25352	
P25561	
P25562	
P25563	
P25571	
P25572	
P25575	
P25577	
P25593	
P25602	
P25603	
P25606	
P25614	
P25620	
P25629	
P25630	
P25640	
P25650	
P25652	
P25657	
P32475	
P32630	
P32772	
P32859	
P33199	
P34215	
P34238	
P34245	
P34249	
P35725	
P35733	
P36030	
P36031	
P36042	
P36050	
P36058	
P36061	
P36065	
P36067	
P36071	
P36072	
P36073	
P36074	
P36079	
P36087	
P36089	
P36092	
P36098	
P36099	
P36109	
P36111	
P36127	
P36128	
P36133	
P36140	
P36153	
P37264	
P38083	
P38161	
P38168	
P38171	
P38173	
P38178	
P38180	
P38183	
P38184	
P38185	
P38186	
P38188	
P38194	
P38201	
P38209	
P38214	
P38215	
P38220	
P38223	
P38233	
P38252	
P38258	
P38269	
P38275	
P38294	
P38296	
P38299	
P38303	
P38309	
P38311	
P38317	
P38321	
P38322	
P38327	
P38338	
P38350	
P38354	
P38357	
P38362	
P38722	
P38726	
P38729	
P38730	
P38733	
P38752	
P38775	
P38780	
P38799	
P38808	
P38831	
P38834	
P38864	
P38868	
P38898	
P38899	
P38900	
P39532	
P39534	
P39541	
P39545	
P39550	
P39559	
P39563	
P39564	
P39566	
P39703	
P39710	
P39711	
P39725	
P39728	
P39971	
P39972	
P39973	
P39974	
P39977	
P39978	
P39989	
P39992	
P39999	
P40000	
P40001	
P40058	
P40062	
P40076	
P40082	
P40083	
P40101	
P40102	
P40103	
P40104	
P40162	
P40163	
P40166	
P40168	
P40211	
P40218	
P40323	
P40355	
P40365	
P40448	
P40449	
P40455	
P40461	
P40488	
P40490	
P40503	
P40519	
P40523	
P40536	
P40538	
P40539	
P40542	
P40543	
P40551	
P40572	
P40575	
P40584	
P40586	
P40587	
P40588	
P40891	
P40895	
P40896	
P40898	
P43539	
P43540	
P43541	
P43566	
P43576	
P43578	
P43580	
P43608	
P43622	
P43625	
P46945	
P46986	
P46987	
P46994	
P47003	
P47004	
P47012	
P47021	
P47022	
P47028	
P47038	
P47053	
P47059	
P47062	
P47063	
P47066	
P47073	
P47078	
P47080	
P47086	
P47091	
P47092	
P47094	
P47105	
P47106	
P47107	
P47121	
P47126	
P47132	
P47151	
P47152	
P47162	
P47184	
P47188	
P48238	
P48568	
P50083	
P50089	
P53054	
P53056	
P53066	
P53069	
P53071	
P53084	
P53085	
P53092	
P53097	
P53098	
P53103	
P53105	
P53106	
P53110	
P53113	
P53116	
P53122	
P53126	
P53132	
P53133	
P53138	
P53143	
P53151	
P53156	
P53160	
P53161	
P53162	
P53175	
P53181	
P53182	
P53186	
P53190	
P53205	
P53211	
P53213	
P53216	
P53222	
P53225	
P53229	
P53231	
P53232	
P53234	
P53240	
P53245	
P53247	
P53249	
P53263	
P53268	
P53269	
P53275	
P53282	
P53284	
P53291	
P53293	
P53300	
P53302	
P53307	
P53308	
P53310	
P53321	
P53325	
P53329	
P53340	
P53342	
P53717	
P53719	
P53726	
P53737	
P53754	
P53758	
P53820	
P53821	
P53825	
P53826	
P53827	
P53828	
P53831	
P53837	
P53842	
P53856	
P53864	
P53870	
P53876	
P53880	
P53884	
P53887	
P53888	
P53891	
P53902	
P53906	
P53907	
P53910	
P53922	
P53926	
P53936	
P53948	
P53952	
P53957	
P53963	
P53967	
P53976	
P53977	
P53979	
P53980	
P54007	
P87012	
P87191	
P87261	
P87263	
P87264	
P87266	
P87268	
P87269	
P87270	
P87271	
P87272	
P87273	
P87274	
P87280	
P87281	
P87282	
P87283	
P87285	
P87287	
P87288	
P89495	
P89888	
P90471	
P9WEN8	
P9WEN9	
Q00590	
Q02209	
Q02217	
Q02590	
Q02598	
Q02659	
Q02749	
Q02826	
Q02831	
Q02872	
Q03051	
Q03057	
Q03080	
Q03083	
Q03186	
Q03205	
Q03207	
Q03208	
Q03231	
Q03236	
Q03418	
Q03480	
Q03629	
Q03675	
Q03695	
Q03703	
Q03722	
Q03759	
Q03787	
Q03788	
Q03823	
Q03831	
Q03864	
Q03879	
Q03884	
Q03885	
Q03886	
Q03888	
Q03904	
Q04019	
Q04069	
Q04203	
Q04223	
Q04276	
Q04434	
Q04436	
Q04501	
Q04502	
Q04521	
Q04526	
Q04597	
Q04608	
Q04674	
Q04814	
Q04838	
Q04893	
Q04897	
Q04898	
Q04909	
Q04923	
Q04978	
Q05451	
Q05503	
Q05510	
Q05530	
Q05612	
Q05898	
Q06051	
Q06057	
Q06127	
Q06150	
Q06267	
Q06594	
Q06695	
Q06813	
Q06821	
Q07074	
Q07355	
Q07410	
Q07435	
Q07438	
Q07509	
Q07613	
Q07649	
Q07658	
Q07738	
Q07746	
Q07811	
Q07865	
Q07880	
Q07881	
Q07927	
Q07967	
Q07978	
Q07989	
Q08018	
Q08027	
Q08110	
Q08118	
Q08172	
Q08187	
Q08205	
Q08207	
Q08216	
Q08222	
Q08241	
Q08259	
Q08270	
Q08272	
Q08293	
Q08321	
Q08373	
Q08411	
Q08419	
Q08428	
Q08439	
Q08486	
Q08503	
Q08504	
Q08521	
Q08532	
Q08533	
Q08540	
Q08543	
Q08604	
Q08620	
Q08621	
Q08681	
Q08728	
Q08734	
Q08736	
Q08741	
Q08756	
Q08789	
Q08811	
Q08842	
Q08872	
Q08903	
Q08909	
Q08915	
Q08916	
Q08922	
Q08927	
Q08953	
Q08976	
Q08984	
Q08990	
Q08994	
Q12023	
Q12026	
Q12047	
Q12058	
Q12070	
Q12077	
Q12082	
Q12110	
Q12111	
Q12115	
Q12130	
Q12135	
Q12138	
Q12140	
Q12147	
Q12148	
Q12169	
Q12174	
Q12187	
Q12195	
Q12210	
Q12219	
Q12225	
Q12240	
Q12243	
Q12249	
Q12257	
Q12261	
Q12264	
Q12274	
Q12281	
Q12307	
Q12312	
Q12322	
Q12327	
Q12336	
Q12351	
Q12352	
Q12394	
Q12426	
Q12444	
Q12448	
Q12484	
Q12492	
Q12496	
Q12506	
Q12528	
Q12531	
Q12744	
Q2V2P0	
Q2V2P1	
Q2V2P4	
Q2V2P6	
Q2V2P7	
Q2V2Q0	
Q2V2Q3	
Q35811	
Q3E732	
Q3E735	
Q3E736	
Q3E737	
Q3E739	
Q3E740	
Q3E741	
Q3E742	
Q3E743	
Q3E744	
Q3E746	
Q3E750	
Q3E751	
Q3E755	
Q3E758	
Q3E760	
Q3E762	
Q3E763	
Q3E765	
Q3E766	
Q3E767	
Q3E771	
Q3E774	
Q3E775	
Q3E776	
Q3E778	
Q3E781	
Q3E782	
Q3E786	
Q3E787	
Q3E789	
Q3E791	
Q3E794	
Q3E795	
Q3E796	
Q3E7A0	
Q3E7A2	
Q3E7A5	
Q3E7A6	
Q3E7B3	
Q3E7B4	
Q3E7B5	
Q3E7Y7	
Q3E7Y8	
Q3E7Y9	
Q3E7Z0	
Q3E7Z1	
Q3E7Z2	
Q3E7Z3	
Q3E7Z4	
Q3E7Z5	
Q3E7Z6	
Q3E7Z7	
Q3E7Z8	
Q3E7Z9	
Q3E801	
Q3E802	
Q3E804	
Q3E805	
Q3E806	
Q3E807	
Q3E809	
Q3E810	
Q3E813	
Q3E814	
Q3E815	
Q3E816	
Q3E817	
Q3E818	
Q3E819	
Q3E820	
Q3E821	
Q3E825	
Q3E826	
Q3E832	
Q3E837	
Q3E838	
Q3E843	
Q45U18	
Q45U48	
Q6B0R2	
Q6B0R7	
Q6B0V7	
Q6B0W0	
Q6B0W2	
Q6B0X1	
Q6B0Y1	
Q6B0Y5	
Q6B0Y6	
Q6B0Y7	
Q6B0Y8	
Q6B0Z2	
Q6B108	
Q6B113	
Q6B2I9	
Q6Q571	
Q6Q572	
Q6Q5F3	
Q7LIF1	
Q7LIF2	
Q8J0M4	
Q8TGJ0	
Q8TGJ1	
Q8TGJ2	
Q8TGJ4	
Q8TGJ7	
Q8TGJ8	
Q8TGK0	
Q8TGK1	
Q8TGK4	
Q8TGK6	
Q8TGK7	
Q8TGK8	
Q8TGK9	
Q8TGL0	
Q8TGL1	
Q8TGL2	
Q8TGL3	
Q8TGL4	
Q8TGL5	
Q8TGL6	
Q8TGL7	
Q8TGL8	
Q8TGL9	
Q8TGM0	
Q8TGM1	
Q8TGM2	
Q8TGM3	
Q8TGM4	
Q8TGM5	
Q8TGM8	
Q8TGM9	
Q8TGN0	
Q8TGN1	
Q8TGN2	
Q8TGN3	
Q8TGN4	
Q8TGN5	
Q8TGN6	
Q8TGN7	
Q8TGN8	
Q8TGP0	
Q8TGP1	
Q8TGP2	
Q8TGP3	
Q8TGP4	
Q8TGP5	
Q8TGP6	
Q8TGP7	
Q8TGP8	
Q8TGP9	
Q8TGQ0	
Q8TGQ1	
Q8TGQ2	
Q8TGQ3	
Q8TGQ4	
Q8TGQ5	
Q8TGQ6	
Q8TGQ7	
Q8TGQ8	
Q8TGQ9	
Q8TGR0	
Q8TGR1	
Q8TGR2	
Q8TGR3	
Q8TGR4	
Q8TGR5	
Q8TGR6	
Q8TGR7	
Q8TGR8	
Q8TGR9	
Q8TGS0	
Q8TGS1	
Q8TGS2	
Q8TGS4	
Q8TGS5	
Q8TGS6	
Q8TGS7	
Q8TGS8	
Q8TGS9	
Q8TGT0	
Q8TGT1	
Q8TGT2	
Q8TGT3	
Q8TGT4	
Q8TGT5	
Q8TGT6	
Q8TGT7	
Q8TGT8	
Q8TGT9	
Q8TGU0	
Q8TGU1	
Q8TGU2	
Q8TGU3	
Q8TGU4	
Q8TGU6	
Q8TGU8	
Q8TGV0	
Q96VG5	
Q96VG6	
Q96VG8	
Q96VH1	
Q96VH2	
Q96VH3	
Q99248	
Q99296	
Q99318	
Q99339	
Q99345	
Q99395	
Q99401	
Q9ZZV8	
Q9ZZW1	
Q9ZZW2	
Q9ZZW3	
Q9ZZW4	
Q9ZZX7	
Q9ZZX8	
Q9ZZX9	
